lux,t_panel,t_env,hum,pump
88004.0,55.36,31.36,60.0,0
88210.0,55.53,31.42,60.0,0
88755.0,55.70333333333334,31.48,60.0,0
88646.0,55.87,31.55,60.0,0
88833.0,56.034000000000006,31.61,60.0,0
89309.0,56.362,31.67,60.0,0
89916.0,56.684000000000005,31.73,60.0,0
90867.0,57.0,31.79,60.0,0
92385.0,57.315999999999995,31.85,60.0,0
91528.0,57.628,31.91,60.0,0
92408.0,57.94,31.97,60.0,0
94235.0,58.254,32.03,60.0,0
93080.0,58.562,32.09,60.0,0
94105.0,58.866,32.15,60.0,0
94619.0,59.168000000000006,32.21,60.0,0
95966.0,59.468,32.27,60.0,0
94915.0,59.760000000000005,32.33,60.0,0
96625.0,60.052,32.39,60.0,0
95815.0,60.338,32.44,60.0,0
95825.0,60.61800000000001,32.5,60.0,0
97217.0,60.891999999999996,32.56,60.0,0
88067.0,55.36,31.36,60.0,0
87452.0,55.525,31.42,60.0,0
87835.0,55.69,31.48,60.0,0
89941.0,55.86,31.55,60.0,0
89434.0,56.028,31.61,60.0,0
90471.0,56.362,31.67,60.0,0
91742.0,56.698,31.73,60.0,0
91825.0,57.034000000000006,31.79,60.0,0
92695.0,57.366,31.85,60.0,0
92313.0,57.694,31.91,60.0,0
93020.0,58.01800000000001,31.97,60.0,0
92774.0,58.33200000000001,32.03,60.0,0
94549.0,58.641999999999996,32.09,60.0,0
94162.0,58.944,32.15,60.0,0
95136.0,59.24400000000001,32.21,60.0,0
95716.0,59.541999999999994,32.27,60.0,0
94743.0,59.836,32.33,60.0,0
96381.0,60.124,32.39,60.0,0
96203.0,60.408,32.44,60.0,0
96051.0,60.684000000000005,32.5,60.0,0
96285.0,60.95,32.56,60.0,0
97562.0,61.215999999999994,32.61,60.0,0
96604.0,61.472,32.67,60.0,0
98603.0,61.727999999999994,32.72,60.0,0
98984.0,61.984,32.78,60.0,0
97374.0,62.234,32.83,60.0,0
99169.0,62.477999999999994,32.89,60.0,0
98875.0,62.722,32.94,60.0,0
98722.0,62.955999999999996,32.99,60.0,0
98944.0,63.17999999999999,33.04,60.0,0
98558.0,63.4,33.1,60.0,0
99179.0,63.612,33.15,60.0,0
98678.0,63.815999999999995,33.2,60.0,0
99229.0,64.014,33.25,60.0,0
99551.0,64.20599999999999,33.3,60.0,0
99871.0,64.396,33.35,60.0,0
100041.0,64.582,33.39,60.0,0
100681.0,64.768,33.44,60.0,0
99647.0,64.94800000000001,33.49,60.0,0
99682.0,65.124,33.54,60.0,0
99043.0,65.288,33.58,60.0,0
100090.0,65.44800000000001,33.63,60.0,0
99814.0,65.598,33.67,60.0,0
100730.0,65.74600000000001,33.72,60.0,0
99674.0,65.888,33.76,60.0,0
99342.0,66.02799999999999,33.8,60.0,0
99915.0,66.162,33.84,60.0,0
100200.0,66.29400000000001,33.89,60.0,0
98351.0,66.414,33.93,60.0,0
98898.0,66.526,33.97,60.0,0
99300.0,66.636,34.01,60.0,0
99657.0,66.74,34.05,60.0,0
98817.0,66.836,34.08,60.0,0
99141.0,66.932,34.12,60.0,0
97203.0,67.02000000000001,34.16,60.0,0
98459.0,67.1,34.19,60.0,0
97628.0,67.172,34.23,60.0,0
96679.0,67.23400000000001,34.26,60.0,0
96575.0,67.286,34.3,60.0,0
96727.0,67.336,34.33,60.0,0
95589.0,67.376,34.36,60.0,0
96472.0,67.412,34.39,60.0,0
95714.0,67.444,34.42,60.0,0
95348.0,67.47,34.46,60.0,0
94656.0,67.49,34.48,60.0,0
94334.0,67.506,34.51,60.0,0
94770.0,67.51599999999999,34.54,60.0,0
93102.0,67.518,34.57,60.0,0
93227.0,67.51599999999999,34.59,60.0,0
92908.0,67.50800000000001,34.62,60.0,0
91701.0,67.492,34.64,60.0,0
90372.0,67.462,34.67,60.0,0
90630.0,67.428,34.69,60.0,0
90198.0,67.384,34.71,60.0,0
90642.0,67.336,34.73,60.0,0
89844.0,67.286,34.76,60.0,0
88218.0,67.232,34.78,60.0,0
88270.0,67.172,34.79,60.0,0
87520.0,67.10799999999999,34.81,60.0,0
86440.0,67.034,34.83,60.0,0
86594.0,66.952,34.85,60.0,0
85378.0,66.86600000000001,34.86,60.0,0
85136.0,66.774,34.88,60.0,0
84544.0,66.678,34.89,60.0,0
82275.0,66.572,34.9,60.0,0
81587.0,66.454,34.92,60.0,0
82230.0,66.332,34.93,60.0,0
80015.0,66.19800000000001,34.94,60.0,0
79695.0,66.054,34.95,60.0,0
78379.0,65.904,34.96,60.0,0
77895.0,65.75,34.97,60.0,0
77857.0,65.588,34.97,60.0,0
76458.0,65.424,34.98,60.0,0
77012.0,65.25800000000001,34.98,60.0,0
75595.0,65.09,34.99,60.0,0
74086.0,64.918,34.99,60.0,0
74243.0,64.742,35.0,60.0,0
72837.0,64.562,35.0,60.0,0
72588.0,64.376,35.0,60.0,0
69736.0,64.17999999999999,35.0,60.0,0
70059.0,63.98,35.0,60.0,0
69639.0,63.774,35.0,60.0,0
68205.0,63.56,35.0,60.0,0
66410.0,63.336,34.99,60.0,0
66769.0,63.112,34.99,60.0,0
64752.0,62.879999999999995,34.98,60.0,0
64235.0,62.641999999999996,34.98,60.0,0
63032.0,62.398,34.97,60.0,0
62223.0,62.15,34.97,60.0,0
60287.0,61.891999999999996,34.96,60.0,0
59619.0,61.629999999999995,34.95,60.0,0
58157.0,61.358000000000004,34.94,60.0,0
57906.0,61.08200000000001,34.93,60.0,0
56664.0,60.8,34.92,60.0,0
54976.0,60.512,34.9,60.0,0
54678.0,60.220000000000006,34.89,60.0,0
52867.0,59.924,34.88,60.0,0
52155.0,59.622,34.86,60.0,0
50298.0,59.312,34.85,60.0,0
49741.0,59.0,34.83,60.0,0
49153.0,58.681999999999995,34.81,60.0,0
48265.0,58.362,34.79,60.0,0
46338.0,58.038,34.78,60.0,0
45315.0,57.712,34.76,60.0,0
44171.0,57.379999999999995,34.73,60.0,0
42831.0,57.041999999999994,34.71,60.0,0
41555.0,56.698,34.69,60.0,0
40767.0,56.35,34.67,60.0,0
40002.0,56.0,34.64,60.0,0
38404.0,55.646,34.62,60.0,0
36843.0,55.288,34.59,60.0,0
36470.0,54.928,34.57,60.0,0
34809.0,54.564,34.54,60.0,0
34376.0,54.196000000000005,34.51,60.0,0
31226.0,53.822,34.48,60.0,0
30388.0,53.44199999999999,34.46,60.0,0
29283.0,53.053999999999995,34.42,60.0,0
28492.0,52.662,34.39,60.0,0
26438.0,52.260000000000005,34.36,60.0,0
26360.0,51.86,34.33,60.0,0
24374.0,51.458000000000006,34.3,60.0,0
23915.0,51.056,34.26,60.0,0
22746.0,50.65,34.23,60.0,0
19885.0,50.242000000000004,34.19,60.0,0
19555.0,49.827999999999996,34.16,60.0,0
17997.0,49.410000000000004,34.12,60.0,0
17160.0,48.988,34.08,60.0,0
15479.0,48.56,34.05,60.0,0
14881.0,48.134,34.01,60.0,0
14024.0,47.708000000000006,33.97,60.0,0
11656.0,47.28,33.93,60.0,0
10052.0,46.846000000000004,33.89,60.0,0
9509.0,46.412,33.84,60.0,0
7770.0,45.972,33.8,60.0,0
6115.0,45.524,33.76,60.0,0
4284.0,45.07,33.72,60.0,0
3635.0,44.614,33.67,60.0,0
3127.0,44.156,33.63,60.0,0
2029.0,43.698,33.58,60.0,0
0.0,43.239999999999995,33.54,60.0,0
0.0,42.788,33.49,60.0,0
0.0,42.342,33.44,60.0,0
0.0,41.906,33.39,60.0,0
0.0,41.482,33.35,60.0,0
0.0,41.078,33.3,60.0,0
0.0,40.690000000000005,33.25,60.0,0
0.0,40.322,33.2,60.0,0
0.0,39.968,33.15,60.0,0
0.0,39.63,33.1,60.0,0
0.0,39.306,33.04,60.0,0
0.0,38.995999999999995,32.99,60.0,0
0.0,38.698,32.94,60.0,0
0.0,38.414,32.89,60.0,0
0.0,38.14,32.83,60.0,0
0.0,37.876,32.78,60.0,0
0.0,37.624,32.72,60.0,0
0.0,37.382,32.67,60.0,0
0.0,37.148,32.61,60.0,0
0.0,36.924,32.56,60.0,0
0.0,36.708000000000006,32.5,60.0,0
0.0,36.5,32.44,60.0,0
0.0,36.3,32.39,60.0,0
0.0,36.108000000000004,32.33,60.0,0
0.0,35.922000000000004,32.27,60.0,0
0.0,35.744,32.21,60.0,0
0.0,35.57,32.15,60.0,0
0.0,35.402,32.09,60.0,0
0.0,35.238,32.03,60.0,0
0.0,35.082,31.97,60.0,0
0.0,34.928,31.91,60.0,0
0.0,34.78,31.85,60.0,0
0.0,34.636,31.79,60.0,0
0.0,34.498000000000005,31.73,60.0,0
0.0,34.362,31.67,60.0,0
0.0,34.232,31.61,60.0,0
0.0,34.104,31.55,60.0,0
0.0,33.980000000000004,31.48,60.0,0
0.0,33.858,31.42,60.0,0
0.0,33.739999999999995,31.36,60.0,0
0.0,33.624,31.29,60.0,0
0.0,33.512,31.23,60.0,0
0.0,33.4,31.17,60.0,0
0.0,33.291999999999994,31.1,60.0,0
0.0,33.186,31.04,60.0,0
0.0,33.082,30.98,60.0,0
0.0,32.980000000000004,30.91,60.0,0
0.0,32.88,30.85,60.0,0
0.0,32.782,30.78,60.0,0
0.0,32.684000000000005,30.72,60.0,0
0.0,32.588,30.65,60.0,0
0.0,32.494,30.59,60.0,0
0.0,32.402,30.52,60.0,0
0.0,32.31,30.46,60.0,0
0.0,32.222,30.39,60.0,0
0.0,32.134,30.33,60.0,0
0.0,32.046,30.26,60.0,0
0.0,31.96,30.2,60.0,0
0.0,31.875999999999998,30.13,60.0,0
0.0,31.792,30.07,60.0,0
0.0,31.708,30.0,60.0,0
0.0,31.625999999999998,29.93,60.0,0
0.0,31.544,29.87,60.0,0
0.0,31.464,29.8,60.0,0
0.0,31.383999999999997,29.74,60.0,0
0.0,31.306,29.67,60.0,0
0.0,31.227999999999998,29.61,60.0,0
0.0,31.151999999999997,29.54,60.0,0
0.0,31.074,29.48,60.0,0
0.0,30.996,29.41,60.0,0
0.0,30.919999999999998,29.35,60.0,0
0.0,30.845999999999997,29.28,60.0,0
0.0,30.77,29.22,60.0,0
0.0,30.695999999999998,29.15,60.0,0
0.0,30.622000000000003,29.09,60.0,0
0.0,30.548000000000002,29.02,60.0,0
0.0,30.474,28.96,60.0,0
0.0,30.401999999999997,28.9,60.0,0
0.0,30.330000000000002,28.83,60.0,0
0.0,30.26,28.77,60.0,0
0.0,30.189999999999998,28.71,60.0,0
0.0,30.119999999999997,28.64,60.0,0
0.0,30.05,28.58,60.0,0
0.0,29.98,28.52,60.0,0
0.0,29.910000000000004,28.45,60.0,0
0.0,29.839999999999996,28.39,60.0,0
0.0,29.77,28.33,60.0,0
0.0,29.7,28.27,60.0,0
0.0,29.630000000000003,28.21,60.0,0
0.0,29.562,28.15,60.0,0
0.0,29.494,28.09,60.0,0
0.0,29.426,28.03,60.0,0
0.0,29.360000000000003,27.97,60.0,0
0.0,29.294,27.91,60.0,0
0.0,29.227999999999998,27.85,60.0,0
0.0,29.162,27.79,60.0,0
0.0,29.098000000000003,27.73,60.0,0
0.0,29.032,27.67,60.0,0
0.0,28.968,27.61,60.0,0
0.0,28.901999999999997,27.56,60.0,0
0.0,28.838,27.5,60.0,0
0.0,28.774,27.44,60.0,0
0.0,28.71,27.39,60.0,0
0.0,28.645999999999997,27.33,60.0,0
0.0,28.583999999999996,27.28,60.0,0
0.0,28.522,27.22,60.0,0
0.0,28.458,27.17,60.0,0
0.0,28.395999999999997,27.11,60.0,0
0.0,28.333999999999996,27.06,60.0,0
0.0,28.272,27.01,60.0,0
0.0,28.21,26.96,60.0,0
0.0,28.15,26.9,60.0,0
0.0,28.089999999999996,26.85,60.0,0
0.0,28.032,26.8,60.0,0
0.0,27.974,26.75,60.0,0
0.0,27.916000000000004,26.7,60.0,0
0.0,27.857999999999997,26.65,60.0,0
0.0,27.802,26.61,60.0,0
0.0,27.744,26.56,60.0,0
0.0,27.686,26.51,60.0,0
0.0,27.630000000000003,26.46,60.0,0
0.0,27.574,26.42,60.0,0
0.0,27.518,26.37,60.0,0
0.0,27.462,26.33,60.0,0
0.0,27.407999999999998,26.28,60.0,0
0.0,27.354000000000003,26.24,60.0,0
0.0,27.302,26.2,60.0,0
0.0,27.248,26.16,60.0,0
0.0,27.195999999999998,26.11,60.0,0
0.0,27.144,26.07,60.0,0
0.0,27.092000000000002,26.03,60.0,0
0.0,27.04,25.99,60.0,0
0.0,26.99,25.95,60.0,0
0.0,26.939999999999998,25.92,60.0,0
0.0,26.889999999999997,25.88,60.0,0
0.0,26.842000000000002,25.84,60.0,0
0.0,26.794,25.81,60.0,0
0.0,26.746,25.77,60.0,0
0.0,26.7,25.74,60.0,0
0.0,26.653999999999996,25.7,60.0,0
0.0,26.607999999999997,25.67,60.0,0
0.0,26.562,25.64,60.0,0
0.0,26.518,25.61,60.0,0
0.0,26.474,25.58,60.0,0
0.0,26.432,25.54,60.0,0
0.0,26.387999999999998,25.52,60.0,0
0.0,26.346000000000004,25.49,60.0,0
0.0,26.304000000000002,25.46,60.0,0
0.0,26.262,25.43,60.0,0
0.0,26.22,25.41,60.0,0
0.0,26.182,25.38,60.0,0
0.0,26.144,25.36,60.0,0
0.0,26.106,25.33,60.0,0
0.0,26.07,25.31,60.0,0
0.0,26.034000000000002,25.29,60.0,0
0.0,25.998,25.27,60.0,0
0.0,25.962,25.24,60.0,0
0.0,25.927999999999997,25.22,60.0,0
0.0,25.894,25.21,60.0,0
0.0,25.860000000000003,25.19,60.0,0
0.0,25.826,25.17,60.0,0
0.0,25.794,25.15,60.0,0
0.0,25.762,25.14,60.0,0
0.0,25.73,25.12,60.0,0
0.0,25.701999999999998,25.11,60.0,0
0.0,25.674,25.1,60.0,0
0.0,25.645999999999997,25.08,60.0,0
0.0,25.619999999999997,25.07,60.0,0
0.0,25.594,25.06,60.0,0
0.0,25.568,25.05,60.0,0
0.0,25.541999999999998,25.04,60.0,0
0.0,25.518,25.03,60.0,0
0.0,25.494,25.03,60.0,0
0.0,25.472,25.02,60.0,0
0.0,25.45,25.02,60.0,0
0.0,25.43,25.01,60.0,0
0.0,25.41,25.01,60.0,0
0.0,25.39,25.0,60.0,0
0.0,25.369999999999997,25.0,60.0,0
0.0,25.35,25.0,60.0,0
0.0,25.332,25.0,60.0,0
0.0,25.314,25.0,60.0,0
0.0,25.298,25.0,60.0,0
0.0,25.284,25.0,60.0,0
0.0,25.27,25.01,60.0,0
0.0,25.256,25.01,60.0,0
0.0,25.244,25.02,60.0,0
0.0,25.232,25.02,60.0,0
0.0,25.22,25.03,60.0,0
0.0,25.21,25.03,60.0,0
0.0,25.202,25.04,60.0,0
0.0,25.194,25.05,60.0,0
0.0,25.186,25.06,60.0,0
0.0,25.18,25.07,60.0,0
0.0,25.174,25.08,60.0,0
0.0,25.168,25.1,60.0,0
0.0,25.164,25.11,60.0,0
0.0,25.162,25.12,60.0,0
0.0,25.16,25.14,60.0,0
0.0,25.16,25.15,60.0,0
0.0,25.16,25.17,60.0,0
0.0,25.16,25.19,60.0,0
0.0,25.16,25.21,60.0,0
0.0,25.16,25.22,60.0,0
0.0,25.162,25.24,60.0,0
0.0,25.164,25.27,60.0,0
0.0,25.168,25.29,60.0,0
0.0,25.172,25.31,60.0,0
0.0,25.178,25.33,60.0,0
0.0,25.184,25.36,60.0,0
0.0,25.192,25.38,60.0,0
0.0,25.2,25.41,60.0,0
0.0,25.21,25.43,60.0,0
0.0,25.22,25.46,60.0,0
0.0,25.23,25.49,60.0,0
0.0,25.241999999999997,25.52,60.0,0
0.0,25.253999999999998,25.54,60.0,0
0.0,25.268,25.58,60.0,0
0.0,25.282,25.61,60.0,0
0.0,25.298,25.64,60.0,0
0.0,25.312,25.67,60.0,0
0.0,25.328,25.7,60.0,0
0.0,25.344,25.74,60.0,0
0.0,25.362000000000002,25.77,60.0,0
0.0,25.380000000000003,25.81,60.0,0
0.0,25.4,25.84,60.0,0
0.0,25.419999999999998,25.88,60.0,0
0.0,25.442,25.92,60.0,0
0.0,25.464000000000002,25.95,60.0,0
0.0,25.486,25.99,60.0,0
0.0,25.509999999999998,26.03,60.0,0
0.0,25.534,26.07,60.0,0
0.0,25.558,26.11,60.0,0
0.0,25.584,26.16,60.0,0
0.0,25.612000000000002,26.2,60.0,0
0.0,25.639999999999997,26.24,60.0,0
0.0,25.668,26.28,60.0,0
0.0,25.695999999999998,26.33,60.0,0
0.0,25.726,26.37,60.0,0
0.0,25.756,26.42,60.0,0
0.0,25.786,26.46,60.0,0
1161.0,25.822000000000003,26.51,60.0,0
3055.0,25.869999999999997,26.56,60.0,0
3814.0,25.93,26.61,60.0,0
5984.0,26.01,26.65,60.0,0
6883.0,26.112000000000002,26.7,60.0,0
7689.0,26.236,26.75,60.0,0
8565.0,26.374000000000002,26.8,60.0,0
9905.0,26.528,26.85,60.0,0
11515.0,26.698,26.9,60.0,0
12397.0,26.881999999999998,26.96,60.0,0
15123.0,27.084000000000003,27.01,60.0,0
15185.0,27.302,27.06,60.0,0
16082.0,27.534000000000002,27.11,60.0,0
18631.0,27.78,27.17,60.0,0
20185.0,28.044,27.22,60.0,0
20866.0,28.318,27.28,60.0,0
22069.0,28.606,27.33,60.0,0
24138.0,28.910000000000004,27.39,60.0,0
24045.0,29.222,27.44,60.0,0
25398.0,29.538,27.5,60.0,0
27859.0,29.865999999999996,27.56,60.0,0
28889.0,30.203999999999997,27.61,60.0,0
29375.0,30.546,27.67,60.0,0
30356.0,30.895999999999997,27.73,60.0,0
31797.0,31.253999999999998,27.79,60.0,0
33663.0,31.618000000000002,27.85,60.0,0
35085.0,31.988,27.91,60.0,0
36155.0,32.366,27.97,60.0,0
36559.0,32.748000000000005,28.03,60.0,0
37553.0,33.136,28.09,60.0,0
40411.0,33.53,28.15,60.0,0
40624.0,33.926,28.21,60.0,0
42772.0,34.33,28.27,60.0,0
43694.0,34.742,28.33,60.0,0
43553.0,35.158,28.39,60.0,0
44999.0,35.571999999999996,28.45,60.0,0
47283.0,35.992,28.52,60.0,0
47935.0,36.412,28.58,60.0,0
48643.0,36.832,28.64,60.0,0
50488.0,37.256,28.71,60.0,0
50880.0,37.682,28.77,60.0,0
52908.0,38.112,28.83,60.0,0
52753.0,38.538,28.9,60.0,0
53887.0,38.965999999999994,28.96,60.0,0
55054.0,39.392,29.02,60.0,0
56900.0,39.822,29.09,60.0,0
58004.0,40.25,29.15,60.0,0
59406.0,40.684000000000005,29.22,60.0,0
60509.0,41.122,29.28,60.0,0
60327.0,41.56,29.35,60.0,0
61563.0,41.995999999999995,29.41,60.0,0
63260.0,42.43,29.48,60.0,0
63433.0,42.862,29.54,60.0,0
64687.0,43.288,29.61,60.0,0
66721.0,43.72,29.67,60.0,0
67620.0,44.154,29.74,60.0,0
68275.0,44.588,29.8,60.0,0
69520.0,45.024,29.87,60.0,0
69786.0,45.46,29.93,60.0,0
71345.0,45.892,30.0,60.0,0
71282.0,46.32,30.07,60.0,0
73004.0,46.746,30.13,60.0,0
72605.0,47.164,30.2,60.0,0
74592.0,47.582,30.26,60.0,0
75404.0,47.998000000000005,30.33,60.0,0
75541.0,48.410000000000004,30.39,60.0,0
76989.0,48.82,30.46,60.0,0
78560.0,49.233999999999995,30.52,60.0,0
79272.0,49.646,30.59,60.0,0
79978.0,50.056,30.65,60.0,0
81010.0,50.468,30.72,60.0,0
81417.0,50.878,30.78,60.0,0
81483.0,51.279999999999994,30.85,60.0,0
83080.0,51.67999999999999,30.91,60.0,0
82359.0,52.07000000000001,30.98,60.0,0
83932.0,52.45399999999999,31.04,60.0,0
84318.0,52.831999999999994,31.1,60.0,0
85852.0,53.21,31.17,60.0,0
85956.0,53.581999999999994,31.23,60.0,0
87424.0,53.958000000000006,31.29,60.0,0
86535.0,54.327999999999996,31.36,60.0,0
88363.0,54.696000000000005,31.42,60.0,0
89071.0,55.06,31.48,60.0,0
88419.0,55.418000000000006,31.55,60.0,0
90362.0,55.77,31.61,60.0,0
89272.0,56.117999999999995,31.67,60.0,0
90152.0,56.45799999999999,31.73,60.0,0
91625.0,56.794,31.79,60.0,0
91593.0,57.126,31.85,60.0,0
92809.0,57.45399999999999,31.91,60.0,0
93279.0,57.782,31.97,60.0,0
92708.0,58.105999999999995,32.03,60.0,0
93937.0,58.424,32.09,60.0,0
94150.0,58.738,32.15,60.0,0
93805.0,59.044000000000004,32.21,60.0,0
95058.0,59.342,32.27,60.0,0
95648.0,59.64,32.33,60.0,0
95510.0,59.931999999999995,32.39,60.0,0
95460.0,60.215999999999994,32.44,60.0,0
96802.0,60.498000000000005,32.5,60.0,0
96623.0,60.775999999999996,32.56,60.0,0
96607.0,61.04600000000001,32.61,60.0,0
96813.0,61.30800000000001,32.67,60.0,0
97645.0,61.57000000000001,32.72,60.0,0
98323.0,61.826,32.78,60.0,0
97513.0,62.074,32.83,60.0,0
97647.0,62.315999999999995,32.89,60.0,0
98850.0,62.55800000000001,32.94,60.0,0
99708.0,62.79600000000001,32.99,60.0,0
99111.0,63.028,33.04,60.0,0
98913.0,63.25600000000001,33.1,60.0,0
98727.0,63.477999999999994,33.15,60.0,0
99830.0,63.696000000000005,33.2,60.0,0
99673.0,63.90599999999999,33.25,60.0,0
99419.0,64.11,33.3,60.0,0
99591.0,64.308,33.35,60.0,0
99848.0,64.502,33.39,60.0,0
99265.0,64.686,33.44,60.0,0
100160.0,64.864,33.49,60.0,0
99474.0,65.036,33.54,60.0,0
99118.0,65.202,33.58,60.0,0
99194.0,65.36,33.63,60.0,0
99739.0,65.512,33.67,60.0,0
100632.0,65.662,33.72,60.0,0
99066.0,65.804,33.76,60.0,0
99833.0,65.94399999999999,33.8,60.0,0
100153.0,66.082,33.84,60.0,0
99475.0,66.216,33.89,60.0,0
98437.0,66.336,33.93,60.0,0
100061.0,66.458,33.97,60.0,0
99954.0,66.574,34.01,60.0,0
99444.0,66.684,34.05,60.0,0
97883.0,66.784,34.08,60.0,0
97996.0,66.88199999999999,34.12,60.0,0
97495.0,66.966,34.16,60.0,0
97880.0,67.042,34.19,60.0,0
96920.0,67.106,34.23,60.0,0
97071.0,67.168,34.26,60.0,0
96414.0,67.22,34.3,60.0,0
97414.0,67.272,34.33,60.0,0
95936.0,67.316,34.36,60.0,0
96287.0,67.358,34.39,60.0,0
96215.0,67.396,34.42,60.0,0
94879.0,67.43,34.46,60.0,0
94922.0,67.454,34.48,60.0,0
93318.0,67.468,34.51,60.0,0
93319.0,67.474,34.54,60.0,0
93888.0,67.47200000000001,34.57,60.0,0
92271.0,67.462,34.59,60.0,0
93358.0,67.44800000000001,34.62,60.0,0
91598.0,67.43199999999999,34.64,60.0,0
91811.0,67.412,34.67,60.0,0
90138.0,67.38,34.69,60.0,0
90695.0,67.346,34.71,60.0,0
90618.0,67.306,34.73,60.0,0
89379.0,67.26,34.76,60.0,0
89056.0,67.208,34.78,60.0,0
87735.0,67.152,34.79,60.0,0
87604.0,67.088,34.81,60.0,0
85695.0,67.012,34.83,60.0,0
85780.0,66.928,34.85,60.0,0
86105.0,66.838,34.86,60.0,0
84302.0,66.742,34.88,60.0,0
84684.0,66.64200000000001,34.89,60.0,0
83320.0,66.538,34.9,60.0,0
82193.0,66.428,34.92,60.0,0
81173.0,66.306,34.93,60.0,0
80559.0,66.178,34.94,60.0,0
79561.0,66.038,34.95,60.0,0
78607.0,65.89,34.96,60.0,0
78858.0,65.738,34.97,60.0,0
77242.0,65.58200000000001,34.97,60.0,0
76532.0,65.418,34.98,60.0,0
76893.0,65.25399999999999,34.98,60.0,0
75187.0,65.086,34.99,60.0,0
74980.0,64.914,34.99,60.0,0
72631.0,64.734,35.0,60.0,0
71847.0,64.548,35.0,60.0,0
72011.0,64.354,35.0,60.0,0
70558.0,64.154,35.0,60.0,0
69648.0,63.944,35.0,60.0,0
69039.0,63.732000000000006,35.0,60.0,0
68323.0,63.51800000000001,35.0,60.0,0
67698.0,63.3,34.99,60.0,0
65189.0,63.074,34.99,60.0,0
64816.0,62.842,34.98,60.0,0
63386.0,62.602,34.98,60.0,0
61983.0,62.352,34.97,60.0,0
62617.0,62.096000000000004,34.97,60.0,0
60809.0,61.838,34.96,60.0,0
60081.0,61.576,34.95,60.0,0
58885.0,61.31,34.94,60.0,0
57540.0,61.041999999999994,34.93,60.0,0
57290.0,60.76800000000001,34.92,60.0,0
54998.0,60.486000000000004,34.9,60.0,0
53976.0,60.196000000000005,34.89,60.0,0
52686.0,59.9,34.88,60.0,0
53023.0,59.602,34.86,60.0,0
51361.0,59.298,34.85,60.0,0
50076.0,58.989999999999995,34.83,60.0,0
47926.0,58.676,34.81,60.0,0
47227.0,58.358000000000004,34.79,60.0,0
46503.0,58.029999999999994,34.78,60.0,0
46185.0,57.7,34.76,60.0,0
43840.0,57.364,34.73,60.0,0
42174.0,57.024,34.71,60.0,0
42345.0,56.681999999999995,34.69,60.0,0
40180.0,56.336,34.67,60.0,0
40396.0,55.986000000000004,34.64,60.0,0
39204.0,55.636,34.62,60.0,0
37222.0,55.284000000000006,34.59,60.0,0
34958.0,54.922000000000004,34.57,60.0,0
33907.0,54.556,34.54,60.0,0
32418.0,54.178,34.51,60.0,0
31613.0,53.791999999999994,34.48,60.0,0
30632.0,53.4,34.46,60.0,0
29544.0,53.007999999999996,34.42,60.0,0
27999.0,52.612,34.39,60.0,0
27344.0,52.217999999999996,34.36,60.0,0
25337.0,51.82000000000001,34.33,60.0,0
25424.0,51.422000000000004,34.3,60.0,0
22406.0,51.018,34.26,60.0,0
23030.0,50.614,34.23,60.0,0
21211.0,50.206,34.19,60.0,0
18925.0,49.794,34.16,60.0,0
18711.0,49.38,34.12,60.0,0
17877.0,48.968,34.08,60.0,0
15173.0,48.548,34.05,60.0,0
13634.0,48.12,34.01,60.0,0
13173.0,47.692,33.97,60.0,0
12330.0,47.260000000000005,33.93,60.0,0
11165.0,46.824,33.89,60.0,0
8759.0,46.386,33.84,60.0,0
7019.0,45.946,33.8,60.0,0
6470.0,45.5,33.76,60.0,0
4724.0,45.048,33.72,60.0,0
3730.0,44.592,33.67,60.0,0
3332.0,44.136,33.63,60.0,0
542.0,43.678,33.58,60.0,0
0.0,43.22,33.54,60.0,0
0.0,42.766,33.49,60.0,0
0.0,42.318,33.44,60.0,0
0.0,41.878,33.39,60.0,0
0.0,41.456,33.35,60.0,0
0.0,41.052,33.3,60.0,0
0.0,40.666,33.25,60.0,0
0.0,40.29600000000001,33.2,60.0,0
0.0,39.944,33.15,60.0,0
0.0,39.606,33.1,60.0,0
0.0,39.284000000000006,33.04,60.0,0
0.0,38.974000000000004,32.99,60.0,0
0.0,38.678000000000004,32.94,60.0,0
0.0,38.394,32.89,60.0,0
0.0,38.122,32.83,60.0,0
0.0,37.86,32.78,60.0,0
0.0,37.61,32.72,60.0,0
0.0,37.368,32.67,60.0,0
0.0,37.136,32.61,60.0,0
0.0,36.912,32.56,60.0,0
0.0,36.696,32.5,60.0,0
0.0,36.488,32.44,60.0,0
0.0,36.29,32.39,60.0,0
0.0,36.098,32.33,60.0,0
0.0,35.912,32.27,60.0,0
0.0,35.733999999999995,32.21,60.0,0
0.0,35.559999999999995,32.15,60.0,0
0.0,35.391999999999996,32.09,60.0,0
0.0,35.230000000000004,32.03,60.0,0
0.0,35.074,31.97,60.0,0
0.0,34.922000000000004,31.91,60.0,0
0.0,34.775999999999996,31.85,60.0,0
0.0,34.632000000000005,31.79,60.0,0
0.0,34.492000000000004,31.73,60.0,0
0.0,34.356,31.67,60.0,0
0.0,34.224000000000004,31.61,60.0,0
0.0,34.096000000000004,31.55,60.0,0
0.0,33.972,31.48,60.0,0
0.0,33.85,31.42,60.0,0
0.0,33.732,31.36,60.0,0
0.0,33.616,31.29,60.0,0
0.0,33.501999999999995,31.23,60.0,0
0.0,33.392,31.17,60.0,0
0.0,33.284000000000006,31.1,60.0,0
0.0,33.178,31.04,60.0,0
0.0,33.074,30.98,60.0,0
0.0,32.972,30.91,60.0,0
0.0,32.872,30.85,60.0,0
0.0,32.774,30.78,60.0,0
0.0,32.678,30.72,60.0,0
0.0,32.584,30.65,60.0,0
0.0,32.492000000000004,30.59,60.0,0
0.0,32.4,30.52,60.0,0
0.0,32.31,30.46,60.0,0
0.0,32.22,30.39,60.0,0
0.0,32.132,30.33,60.0,0
0.0,32.044,30.26,60.0,0
0.0,31.958,30.2,60.0,0
0.0,31.874000000000002,30.13,60.0,0
0.0,31.79,30.07,60.0,0
0.0,31.706,30.0,60.0,0
0.0,31.624000000000002,29.93,60.0,0
0.0,31.542,29.87,60.0,0
0.0,31.46,29.8,60.0,0
0.0,31.381999999999998,29.74,60.0,0
0.0,31.304000000000002,29.67,60.0,0
0.0,31.226,29.61,60.0,0
0.0,31.148000000000003,29.54,60.0,0
0.0,31.072000000000003,29.48,60.0,0
0.0,30.994,29.41,60.0,0
0.0,30.918,29.35,60.0,0
0.0,30.842000000000002,29.28,60.0,0
0.0,30.768,29.22,60.0,0
0.0,30.694,29.15,60.0,0
0.0,30.619999999999997,29.09,60.0,0
0.0,30.546,29.02,60.0,0
0.0,30.474,28.96,60.0,0
0.0,30.401999999999997,28.9,60.0,0
0.0,30.330000000000002,28.83,60.0,0
0.0,30.26,28.77,60.0,0
0.0,30.189999999999998,28.71,60.0,0
0.0,30.119999999999997,28.64,60.0,0
0.0,30.05,28.58,60.0,0
0.0,29.98,28.52,60.0,0
0.0,29.910000000000004,28.45,60.0,0
0.0,29.839999999999996,28.39,60.0,0
0.0,29.77,28.33,60.0,0
0.0,29.7,28.27,60.0,0
0.0,29.630000000000003,28.21,60.0,0
0.0,29.562,28.15,60.0,0
0.0,29.494,28.09,60.0,0
0.0,29.426,28.03,60.0,0
0.0,29.360000000000003,27.97,60.0,0
0.0,29.294,27.91,60.0,0
0.0,29.227999999999998,27.85,60.0,0
0.0,29.162,27.79,60.0,0
0.0,29.096000000000004,27.73,60.0,0
0.0,29.03,27.67,60.0,0
0.0,28.966,27.61,60.0,0
0.0,28.9,27.56,60.0,0
0.0,28.836000000000002,27.5,60.0,0
0.0,28.774,27.44,60.0,0
0.0,28.71,27.39,60.0,0
0.0,28.645999999999997,27.33,60.0,0
0.0,28.583999999999996,27.28,60.0,0
0.0,28.522,27.22,60.0,0
86418.0,55.33,31.36,60.0,0
87045.0,55.495,31.42,60.0,0
88476.0,55.663333333333334,31.48,60.0,0
89705.0,55.832499999999996,31.55,60.0,0
89139.0,56.0,31.61,60.0,0
90605.0,56.334,31.67,60.0,0
90525.0,56.666,31.73,60.0,0
91288.0,56.99400000000001,31.79,60.0,0
91431.0,57.318000000000005,31.85,60.0,0
92869.0,57.64,31.91,60.0,0
93148.0,57.958000000000006,31.97,60.0,0
94330.0,58.278,32.03,60.0,0
93501.0,58.592000000000006,32.09,60.0,0
93910.0,58.9,32.15,60.0,0
95389.0,59.206,32.21,60.0,0
94913.0,59.50600000000001,32.27,60.0,0
95732.0,59.798,32.33,60.0,0
95177.0,60.084,32.39,60.0,0
97150.0,60.370000000000005,32.44,60.0,0
95784.0,60.646,32.5,60.0,0
96163.0,60.916,32.56,60.0,0
97734.0,61.181999999999995,32.61,60.0,0
97020.0,61.444,32.67,60.0,0
98041.0,61.7,32.72,60.0,0
97674.0,61.952,32.78,60.0,0
98810.0,62.202,32.83,60.0,0
98044.0,62.444,32.89,60.0,0
97862.0,62.67999999999999,32.94,60.0,0
98453.0,62.908,32.99,60.0,0
98428.0,63.129999999999995,33.04,60.0,0
99467.0,63.346000000000004,33.1,60.0,0
99309.0,63.55800000000001,33.15,60.0,0
99023.0,63.766,33.2,60.0,0
100150.0,63.972,33.25,60.0,0
98861.0,64.172,33.3,60.0,0
99231.0,64.364,33.35,60.0,0
100425.0,64.55199999999999,33.39,60.0,0
99951.0,64.738,33.44,60.0,0
100426.0,64.918,33.49,60.0,0
100926.0,65.096,33.54,60.0,0
99245.0,65.27000000000001,33.58,60.0,0
100588.0,65.438,33.63,60.0,0
99840.0,65.598,33.67,60.0,0
99523.0,65.748,33.72,60.0,0
100198.0,65.89200000000001,33.76,60.0,0
98931.0,66.03,33.8,60.0,0
99714.0,66.16,33.84,60.0,0
99531.0,66.286,33.89,60.0,0
98963.0,66.40599999999999,33.93,60.0,0
98522.0,66.51599999999999,33.97,60.0,0
98170.0,66.618,34.01,60.0,0
99109.0,66.716,34.05,60.0,0
98703.0,66.806,34.08,60.0,0
98347.0,66.89200000000001,34.12,60.0,0
98369.0,66.976,34.16,60.0,0
98457.0,67.058,34.19,60.0,0
96694.0,67.13,34.23,60.0,0
96536.0,67.194,34.26,60.0,0
96440.0,67.248,34.3,60.0,0
96270.0,67.29400000000001,34.33,60.0,0
95804.0,67.33,34.36,60.0,0
96627.0,67.366,34.39,60.0,0
94956.0,67.396,34.42,60.0,0
95399.0,67.424,34.46,60.0,0
94153.0,67.444,34.48,60.0,0
94933.0,67.462,34.51,60.0,0
93975.0,67.47,34.54,60.0,0
93118.0,67.47200000000001,34.57,60.0,0
93014.0,67.468,34.59,60.0,0
92410.0,67.458,34.62,60.0,0
91510.0,67.438,34.64,60.0,0
90581.0,67.40799999999999,34.67,60.0,0
90125.0,67.372,34.69,60.0,0
91131.0,67.33,34.71,60.0,0
90613.0,67.286,34.73,60.0,0
89710.0,67.24,34.76,60.0,0
88035.0,67.188,34.78,60.0,0
87584.0,67.13,34.79,60.0,0
86419.0,67.062,34.81,60.0,0
87569.0,66.988,34.83,60.0,0
84960.0,66.9,34.85,60.0,0
85872.0,66.81,34.86,60.0,0
84706.0,66.716,34.88,60.0,0
83860.0,66.616,34.89,60.0,0
83019.0,66.506,34.9,60.0,0
81436.0,66.39200000000001,34.92,60.0,0
82628.0,66.272,34.93,60.0,0
81648.0,66.148,34.94,60.0,0
80944.0,66.022,34.95,60.0,0
79892.0,65.892,34.96,60.0,0
79271.0,65.76,34.97,60.0,0
77072.0,65.616,34.97,60.0,0
76212.0,65.46000000000001,34.98,60.0,0
76803.0,65.298,34.98,60.0,0
74518.0,65.124,34.99,60.0,0
74474.0,64.944,34.99,60.0,0
74333.0,64.764,35.0,60.0,0
72014.0,64.578,35.0,60.0,0
71661.0,64.382,35.0,60.0,0
70626.0,64.184,35.0,60.0,0
69551.0,63.977999999999994,35.0,60.0,0
68982.0,63.763999999999996,35.0,60.0,0
67385.0,63.544000000000004,35.0,60.0,0
67297.0,63.32000000000001,34.99,60.0,0
66048.0,63.092,34.99,60.0,0
65901.0,62.862,34.98,60.0,0
63229.0,62.622,34.98,60.0,0
63033.0,62.379999999999995,34.97,60.0,0
62796.0,62.134,34.97,60.0,0
60544.0,61.879999999999995,34.96,60.0,0
59910.0,61.61800000000001,34.95,60.0,0
59574.0,61.35600000000001,34.94,60.0,0
57404.0,61.086,34.93,60.0,0
57468.0,60.812,34.92,60.0,0
54656.0,60.528,34.9,60.0,0
54791.0,60.239999999999995,34.89,60.0,0
52457.0,59.94199999999999,34.88,60.0,0
51249.0,59.636,34.86,60.0,0
52073.0,59.326,34.85,60.0,0
49879.0,59.016,34.83,60.0,0
49098.0,58.7,34.81,60.0,0
48215.0,58.384,34.79,60.0,0
46434.0,58.065999999999995,34.78,60.0,0
44561.0,57.736000000000004,34.76,60.0,0
44824.0,57.403999999999996,34.73,60.0,0
43554.0,57.068,34.71,60.0,0
41614.0,56.724000000000004,34.69,60.0,0
40747.0,56.378,34.67,60.0,0
38661.0,56.025999999999996,34.64,60.0,0
37635.0,55.666,34.62,60.0,0
37481.0,55.3,34.59,60.0,0
36753.0,54.936,34.57,60.0,0
33728.0,54.562,34.54,60.0,0
34355.0,54.19200000000001,34.51,60.0,0
31718.0,53.818000000000005,34.48,60.0,0
31138.0,53.44,34.46,60.0,0
29667.0,53.053999999999995,34.42,60.0,0
29223.0,52.672000000000004,34.39,60.0,0
27831.0,52.284000000000006,34.36,60.0,0
25890.0,51.891999999999996,34.33,60.0,0
25203.0,51.498000000000005,34.3,60.0,0
23841.0,51.102,34.26,60.0,0
22428.0,50.7,34.23,60.0,0
21267.0,50.292,34.19,60.0,0
19631.0,49.882,34.16,60.0,0
18126.0,49.465999999999994,34.12,60.0,0
17392.0,49.046,34.08,60.0,0
16452.0,48.624,34.05,60.0,0
14163.0,48.198,34.01,60.0,0
12689.0,47.766000000000005,33.97,60.0,0
11148.0,47.33,33.93,60.0,0
9570.0,46.886,33.89,60.0,0
8927.0,46.436,33.84,60.0,0
8387.0,45.986000000000004,33.8,60.0,0
6348.0,45.534000000000006,33.76,60.0,0
4941.0,45.08,33.72,60.0,0
4615.0,44.63,33.67,60.0,0
3343.0,44.18,33.63,60.0,0
2117.0,43.730000000000004,33.58,60.0,0
0.0,43.278,33.54,60.0,0
0.0,42.83,33.49,60.0,0
0.0,42.384,33.44,60.0,0
0.0,41.948,33.39,60.0,0
0.0,41.522000000000006,33.35,60.0,0
0.0,41.116,33.3,60.0,0
0.0,40.726,33.25,60.0,0
0.0,40.354,33.2,60.0,0
0.0,39.998000000000005,33.15,60.0,0
0.0,39.658,33.1,60.0,0
0.0,39.332,33.04,60.0,0
0.0,39.019999999999996,32.99,60.0,0
0.0,38.722,32.94,60.0,0
0.0,38.436,32.89,60.0,0
0.0,38.160000000000004,32.83,60.0,0
0.0,37.896,32.78,60.0,0
0.0,37.644,32.72,60.0,0
0.0,37.4,32.67,60.0,0
0.0,37.166,32.61,60.0,0
0.0,36.94199999999999,32.56,60.0,0
0.0,36.726,32.5,60.0,0
0.0,36.518,32.44,60.0,0
0.0,36.318,32.39,60.0,0
0.0,36.124,32.33,60.0,0
0.0,35.936,32.27,60.0,0
0.0,35.756,32.21,60.0,0
0.0,35.58,32.15,60.0,0
0.0,35.412,32.09,60.0,0
0.0,35.248000000000005,32.03,60.0,0
0.0,35.092,31.97,60.0,0
0.0,34.938,31.91,60.0,0
0.0,34.79,31.85,60.0,0
0.0,34.646,31.79,60.0,0
0.0,34.507999999999996,31.73,60.0,0
0.0,34.372,31.67,60.0,0
0.0,34.239999999999995,31.61,60.0,0
0.0,34.112,31.55,60.0,0
0.0,33.986000000000004,31.48,60.0,0
0.0,33.864,31.42,60.0,0
0.0,33.744,31.36,60.0,0
0.0,33.628,31.29,60.0,0
0.0,33.513999999999996,31.23,60.0,0
0.0,33.403999999999996,31.17,60.0,0
0.0,33.294,31.1,60.0,0
0.0,33.188,31.04,60.0,0
0.0,33.083999999999996,30.98,60.0,0
0.0,32.982,30.91,60.0,0
0.0,32.88,30.85,60.0,0
0.0,32.782,30.78,60.0,0
0.0,32.686,30.72,60.0,0
0.0,32.589999999999996,30.65,60.0,0
0.0,32.496,30.59,60.0,0
0.0,32.404,30.52,60.0,0
0.0,32.314,30.46,60.0,0
0.0,32.224000000000004,30.39,60.0,0
0.0,32.136,30.33,60.0,0
0.0,32.05,30.26,60.0,0
0.0,31.964,30.2,60.0,0
0.0,31.877999999999997,30.13,60.0,0
0.0,31.794,30.07,60.0,0
0.0,31.712,30.0,60.0,0
0.0,31.630000000000003,29.93,60.0,0
0.0,31.55,29.87,60.0,0
0.0,31.47,29.8,60.0,0
0.0,31.389999999999997,29.74,60.0,0
0.0,31.310000000000002,29.67,60.0,0
0.0,31.23,29.61,60.0,0
0.0,31.151999999999997,29.54,60.0,0
0.0,31.074,29.48,60.0,0
0.0,30.998,29.41,60.0,0
0.0,30.922000000000004,29.35,60.0,0
0.0,30.848000000000003,29.28,60.0,0
0.0,30.772000000000002,29.22,60.0,0
0.0,30.698,29.15,60.0,0
0.0,30.624000000000002,29.09,60.0,0
0.0,30.55,29.02,60.0,0
0.0,30.476,28.96,60.0,0
0.0,30.404000000000003,28.9,60.0,0
0.0,30.332,28.83,60.0,0
0.0,30.26,28.77,60.0,0
0.0,30.189999999999998,28.71,60.0,0
0.0,30.119999999999997,28.64,60.0,0
0.0,30.05,28.58,60.0,0
0.0,29.98,28.52,60.0,0
0.0,29.910000000000004,28.45,60.0,0
0.0,29.839999999999996,28.39,60.0,0
0.0,29.77,28.33,60.0,0
0.0,29.7,28.27,60.0,0
0.0,29.630000000000003,28.21,60.0,0
0.0,29.562,28.15,60.0,0
0.0,29.494,28.09,60.0,0
0.0,29.426,28.03,60.0,0
0.0,29.360000000000003,27.97,60.0,0
0.0,29.294,27.91,60.0,0
0.0,29.227999999999998,27.85,60.0,0
0.0,29.162,27.79,60.0,0
0.0,29.098000000000003,27.73,60.0,0
0.0,29.032,27.67,60.0,0
0.0,28.968,27.61,60.0,0
0.0,28.901999999999997,27.56,60.0,0
0.0,28.838,27.5,60.0,0
0.0,28.774,27.44,60.0,0
0.0,28.71,27.39,60.0,0
0.0,28.645999999999997,27.33,60.0,0
0.0,28.583999999999996,27.28,60.0,0
0.0,28.522,27.22,60.0,0
0.0,28.458,27.17,60.0,0
0.0,28.395999999999997,27.11,60.0,0
0.0,28.333999999999996,27.06,60.0,0
0.0,28.272,27.01,60.0,0
0.0,28.21,26.96,60.0,0
0.0,28.15,26.9,60.0,0
0.0,28.089999999999996,26.85,60.0,0
0.0,28.032,26.8,60.0,0
0.0,27.974,26.75,60.0,0
0.0,27.916000000000004,26.7,60.0,0
0.0,27.857999999999997,26.65,60.0,0
0.0,27.802,26.61,60.0,0
0.0,27.744,26.56,60.0,0
0.0,27.686,26.51,60.0,0
0.0,27.630000000000003,26.46,60.0,0
0.0,27.574,26.42,60.0,0
0.0,27.518,26.37,60.0,0
0.0,27.462,26.33,60.0,0
0.0,27.407999999999998,26.28,60.0,0
0.0,27.354000000000003,26.24,60.0,0
0.0,27.302,26.2,60.0,0
0.0,27.248,26.16,60.0,0
0.0,27.195999999999998,26.11,60.0,0
0.0,27.144,26.07,60.0,0
0.0,27.092000000000002,26.03,60.0,0
0.0,27.04,25.99,60.0,0
0.0,26.99,25.95,60.0,0
0.0,26.939999999999998,25.92,60.0,0
0.0,26.889999999999997,25.88,60.0,0
0.0,26.842000000000002,25.84,60.0,0
0.0,26.794,25.81,60.0,0
0.0,26.746,25.77,60.0,0
0.0,26.7,25.74,60.0,0
0.0,26.653999999999996,25.7,60.0,0
0.0,26.607999999999997,25.67,60.0,0
0.0,26.562,25.64,60.0,0
0.0,26.518,25.61,60.0,0
0.0,26.474,25.58,60.0,0
0.0,26.432,25.54,60.0,0
0.0,26.387999999999998,25.52,60.0,0
0.0,26.346000000000004,25.49,60.0,0
0.0,26.304000000000002,25.46,60.0,0
0.0,26.262,25.43,60.0,0
0.0,26.22,25.41,60.0,0
0.0,26.182,25.38,60.0,0
0.0,26.144,25.36,60.0,0
0.0,26.106,25.33,60.0,0
0.0,26.07,25.31,60.0,0
0.0,26.034000000000002,25.29,60.0,0
0.0,25.998,25.27,60.0,0
0.0,25.962,25.24,60.0,0
0.0,25.927999999999997,25.22,60.0,0
0.0,25.894,25.21,60.0,0
0.0,25.860000000000003,25.19,60.0,0
0.0,25.826,25.17,60.0,0
0.0,25.794,25.15,60.0,0
0.0,25.762,25.14,60.0,0
0.0,25.73,25.12,60.0,0
0.0,25.701999999999998,25.11,60.0,0
0.0,25.674,25.1,60.0,0
0.0,25.645999999999997,25.08,60.0,0
0.0,25.619999999999997,25.07,60.0,0
0.0,25.594,25.06,60.0,0
0.0,25.568,25.05,60.0,0
0.0,25.541999999999998,25.04,60.0,0
0.0,25.518,25.03,60.0,0
0.0,25.494,25.03,60.0,0
0.0,25.472,25.02,60.0,0
0.0,25.45,25.02,60.0,0
0.0,25.43,25.01,60.0,0
0.0,25.41,25.01,60.0,0
0.0,25.39,25.0,60.0,0
0.0,25.369999999999997,25.0,60.0,0
0.0,25.35,25.0,60.0,0
0.0,25.332,25.0,60.0,0
0.0,25.314,25.0,60.0,0
0.0,25.298,25.0,60.0,0
0.0,25.284,25.0,60.0,0
0.0,25.27,25.01,60.0,0
0.0,25.256,25.01,60.0,0
0.0,25.244,25.02,60.0,0
0.0,25.232,25.02,60.0,0
0.0,25.22,25.03,60.0,0
0.0,25.21,25.03,60.0,0
0.0,25.202,25.04,60.0,0
0.0,25.194,25.05,60.0,0
0.0,25.186,25.06,60.0,0
0.0,25.18,25.07,60.0,0
0.0,25.174,25.08,60.0,0
0.0,25.168,25.1,60.0,0
0.0,25.164,25.11,60.0,0
0.0,25.162,25.12,60.0,0
0.0,25.16,25.14,60.0,0
0.0,25.16,25.15,60.0,0
0.0,25.16,25.17,60.0,0
0.0,25.16,25.19,60.0,0
0.0,25.16,25.21,60.0,0
0.0,25.16,25.22,60.0,0
0.0,25.162,25.24,60.0,0
0.0,25.164,25.27,60.0,0
0.0,25.168,25.29,60.0,0
0.0,25.172,25.31,60.0,0
0.0,25.178,25.33,60.0,0
0.0,25.184,25.36,60.0,0
0.0,25.192,25.38,60.0,0
0.0,25.2,25.41,60.0,0
0.0,25.21,25.43,60.0,0
0.0,25.22,25.46,60.0,0
0.0,25.23,25.49,60.0,0
0.0,25.241999999999997,25.52,60.0,0
0.0,25.253999999999998,25.54,60.0,0
0.0,25.268,25.58,60.0,0
0.0,25.282,25.61,60.0,0
0.0,25.298,25.64,60.0,0
0.0,25.312,25.67,60.0,0
0.0,25.328,25.7,60.0,0
0.0,25.344,25.74,60.0,0
0.0,25.362000000000002,25.77,60.0,0
0.0,25.380000000000003,25.81,60.0,0
0.0,25.4,25.84,60.0,0
0.0,25.419999999999998,25.88,60.0,0
0.0,25.442,25.92,60.0,0
0.0,25.464000000000002,25.95,60.0,0
0.0,25.486,25.99,60.0,0
0.0,25.509999999999998,26.03,60.0,0
0.0,25.534,26.07,60.0,0
0.0,25.558,26.11,60.0,0
0.0,25.584,26.16,60.0,0
0.0,25.612000000000002,26.2,60.0,0
0.0,25.639999999999997,26.24,60.0,0
0.0,25.668,26.28,60.0,0
0.0,25.695999999999998,26.33,60.0,0
0.0,25.726,26.37,60.0,0
0.0,25.756,26.42,60.0,0
0.0,25.786,26.46,60.0,0
2281.0,25.826,26.51,60.0,0
3016.0,25.878000000000004,26.56,60.0,0
2963.0,25.938,26.61,60.0,0
4586.0,26.014,26.65,60.0,0
5980.0,26.110000000000003,26.7,60.0,0
7788.0,26.224,26.75,60.0,0
9155.0,26.353999999999996,26.8,60.0,0
11030.0,26.508,26.85,60.0,0
12322.0,26.683999999999997,26.9,60.0,0
12486.0,26.875999999999998,26.96,60.0,0
14741.0,27.086000000000002,27.01,60.0,0
15369.0,27.310000000000002,27.06,60.0,0
17815.0,27.55,27.11,60.0,0
17698.0,27.8,27.17,60.0,0
19853.0,28.065999999999995,27.22,60.0,0
20373.0,28.339999999999996,27.28,60.0,0
21953.0,28.625999999999998,27.33,60.0,0
23108.0,28.919999999999998,27.39,60.0,0
24966.0,29.226,27.44,60.0,0
25347.0,29.538,27.5,60.0,0
26988.0,29.862000000000002,27.56,60.0,0
29319.0,30.198,27.61,60.0,0
29538.0,30.542,27.67,60.0,0
30038.0,30.889999999999997,27.73,60.0,0
32013.0,31.248,27.79,60.0,0
32651.0,31.607999999999997,27.85,60.0,0
35185.0,31.976,27.91,60.0,0
35955.0,32.35,27.97,60.0,0
36414.0,32.73,28.03,60.0,0
38215.0,33.116,28.09,60.0,0
40004.0,33.512,28.15,60.0,0
40529.0,33.910000000000004,28.21,60.0,0
42113.0,34.312,28.27,60.0,0
42618.0,34.72,28.33,60.0,0
44975.0,35.134,28.39,60.0,0
45549.0,35.55,28.45,60.0,0
46960.0,35.97,28.52,60.0,0
47052.0,36.39,28.58,60.0,0
48374.0,36.812,28.64,60.0,0
49565.0,37.232,28.71,60.0,0
51028.0,37.652,28.77,60.0,0
52453.0,38.074,28.83,60.0,0
52476.0,38.498000000000005,28.9,60.0,0
54014.0,38.922000000000004,28.96,60.0,0
55830.0,39.35,29.02,60.0,0
57218.0,39.784000000000006,29.09,60.0,0
57712.0,40.216,29.15,60.0,0
58269.0,40.65,29.22,60.0,0
59124.0,41.084,29.28,60.0,0
61761.0,41.519999999999996,29.35,60.0,0
62717.0,41.956,29.41,60.0,0
63345.0,42.394,29.48,60.0,0
64477.0,42.834,29.54,60.0,0
65249.0,43.278,29.61,60.0,0
65331.0,43.715999999999994,29.67,60.0,0
67046.0,44.15,29.74,60.0,0
68259.0,44.582,29.8,60.0,0
67932.0,45.007999999999996,29.87,60.0,0
69788.0,45.432,29.93,60.0,0
71557.0,45.86,30.0,60.0,0
71328.0,46.284000000000006,30.07,60.0,0
72550.0,46.706,30.13,60.0,0
73214.0,47.13,30.2,60.0,0
74134.0,47.55,30.26,60.0,0
74871.0,47.964,30.33,60.0,0
76144.0,48.378,30.39,60.0,0
77746.0,48.792,30.46,60.0,0
78119.0,49.204,30.52,60.0,0
77822.0,49.612,30.59,60.0,0
79693.0,50.019999999999996,30.65,60.0,0
80156.0,50.426,30.72,60.0,0
81670.0,50.827999999999996,30.78,60.0,0
82526.0,51.23,30.85,60.0,0
82754.0,51.63199999999999,30.91,60.0,0
82465.0,52.025999999999996,30.98,60.0,0
84275.0,52.41799999999999,31.04,60.0,0
83643.0,52.802,31.1,60.0,0
85122.0,53.178,31.17,60.0,0
85938.0,53.55,31.23,60.0,0
86507.0,53.92,31.29,60.0,0
87366.0,54.286,31.36,60.0,0
87605.0,54.65,31.42,60.0,0
88302.0,55.010000000000005,31.48,60.0,0
90004.0,55.370000000000005,31.55,60.0,0
89278.0,55.724000000000004,31.61,60.0,0
90399.0,56.074,31.67,60.0,0
91242.0,56.422000000000004,31.73,60.0,0
90982.0,56.766,31.79,60.0,0
91811.0,57.102,31.85,60.0,0
92442.0,57.436,31.91,60.0,0
92260.0,57.762,31.97,60.0,0
92624.0,58.08,32.03,60.0,0
92855.0,58.39200000000001,32.09,60.0,0
94041.0,58.698,32.15,60.0,0
95673.0,59.004,32.21,60.0,0
94492.0,59.306,32.27,60.0,0
96494.0,59.61,32.33,60.0,0
96147.0,59.912,32.39,60.0,0
95336.0,60.205999999999996,32.44,60.0,0
96968.0,60.49400000000001,32.5,60.0,0
97194.0,60.778,32.56,60.0,0
97948.0,61.056,32.61,60.0,0
97717.0,61.327999999999996,32.67,60.0,0
97967.0,61.6,32.72,60.0,0
98915.0,61.866,32.78,60.0,0
99009.0,62.129999999999995,32.83,60.0,0
99061.0,62.386,32.89,60.0,0
98518.0,62.636,32.94,60.0,0
99775.0,62.88199999999999,32.99,60.0,0
98461.0,63.117999999999995,33.04,60.0,0
98408.0,63.342,33.1,60.0,0
100359.0,63.562,33.15,60.0,0
100488.0,63.779999999999994,33.2,60.0,0
100136.0,63.989999999999995,33.25,60.0,0
99929.0,64.19800000000001,33.3,60.0,0
99850.0,64.402,33.35,60.0,0
99078.0,64.596,33.39,60.0,0
100186.0,64.78,33.44,60.0,0
99041.0,64.954,33.49,60.0,0
100950.0,65.124,33.54,60.0,0
99281.0,65.288,33.58,60.0,0
100656.0,65.45,33.63,60.0,0
99891.0,65.606,33.67,60.0,0
98876.0,65.756,33.72,60.0,0
99405.0,65.896,33.76,60.0,0
98948.0,66.02799999999999,33.8,60.0,0
99709.0,66.154,33.84,60.0,0
98543.0,66.27000000000001,33.89,60.0,0
99914.0,66.386,33.93,60.0,0
99175.0,66.498,33.97,60.0,0
98765.0,66.606,34.01,60.0,0
97784.0,66.702,34.05,60.0,0
98040.0,66.796,34.08,60.0,0
98309.0,66.88199999999999,34.12,60.0,0
97846.0,66.96000000000001,34.16,60.0,0
97830.0,67.032,34.19,60.0,0
97500.0,67.102,34.23,60.0,0
96805.0,67.16600000000001,34.26,60.0,0
97319.0,67.224,34.3,60.0,0
95800.0,67.274,34.33,60.0,0
96504.0,67.32000000000001,34.36,60.0,0
96002.0,67.36,34.39,60.0,0
95208.0,67.39200000000001,34.42,60.0,0
95283.0,67.418,34.46,60.0,0
94722.0,67.44,34.48,60.0,0
93932.0,67.454,34.51,60.0,0
94188.0,67.462,34.54,60.0,0
92508.0,67.462,34.57,60.0,0
92958.0,67.45599999999999,34.59,60.0,0
93287.0,67.446,34.62,60.0,0
92410.0,67.432,34.64,60.0,0
91437.0,67.41,34.67,60.0,0
90074.0,67.382,34.69,60.0,0
89279.0,67.34400000000001,34.71,60.0,0
90242.0,67.298,34.73,60.0,0
89870.0,67.24600000000001,34.76,60.0,0
88740.0,67.19,34.78,60.0,0
88202.0,67.13199999999999,34.79,60.0,0
86579.0,67.066,34.81,60.0,0
87246.0,66.994,34.83,60.0,0
85385.0,66.912,34.85,60.0,0
85013.0,66.82000000000001,34.86,60.0,0
85533.0,66.724,34.88,60.0,0
83033.0,66.622,34.89,60.0,0
84061.0,66.516,34.9,60.0,0
81833.0,66.402,34.92,60.0,0
81182.0,66.282,34.93,60.0,0
81584.0,66.154,34.94,60.0,0
80503.0,66.026,34.95,60.0,0
78839.0,65.886,34.96,60.0,0
77918.0,65.74,34.97,60.0,0
77866.0,65.59,34.97,60.0,0
76670.0,65.43199999999999,34.98,60.0,0
76364.0,65.26599999999999,34.98,60.0,0
75668.0,65.096,34.99,60.0,0
74949.0,64.926,34.99,60.0,0
74055.0,64.75,35.0,60.0,0
72085.0,64.56800000000001,35.0,60.0,0
70713.0,64.374,35.0,60.0,0
70042.0,64.172,35.0,60.0,0
70068.0,63.962,35.0,60.0,0
68379.0,63.74400000000001,35.0,60.0,0
67171.0,63.51800000000001,35.0,60.0,0
66620.0,63.29,34.99,60.0,0
66534.0,63.062,34.99,60.0,0
65552.0,62.827999999999996,34.98,60.0,0
63790.0,62.589999999999996,34.98,60.0,0
63522.0,62.35,34.97,60.0,0
62250.0,62.108000000000004,34.97,60.0,0
60800.0,61.855999999999995,34.96,60.0,0
60464.0,61.6,34.95,60.0,0
58188.0,61.336,34.94,60.0,0
58102.0,61.065999999999995,34.93,60.0,0
55880.0,60.786,34.92,60.0,0
54697.0,60.498000000000005,34.9,60.0,0
55071.0,60.205999999999996,34.89,60.0,0
54164.0,59.914,34.88,60.0,0
51506.0,59.614,34.86,60.0,0
51893.0,59.314,34.85,60.0,0
49230.0,59.007999999999996,34.83,60.0,0
49572.0,58.696000000000005,34.81,60.0,0
47184.0,58.376,34.79,60.0,0
46914.0,58.053999999999995,34.78,60.0,0
44482.0,57.720000000000006,34.76,60.0,0
44800.0,57.388,34.73,60.0,0
42881.0,57.048,34.71,60.0,0
41794.0,56.70399999999999,34.69,60.0,0
39921.0,56.352,34.67,60.0,0
39142.0,56.0,34.64,60.0,0
37421.0,55.638,34.62,60.0,0
37960.0,55.275999999999996,34.59,60.0,0
35912.0,54.910000000000004,34.57,60.0,0
35297.0,54.544000000000004,34.54,60.0,0
33908.0,54.176,34.51,60.0,0
32027.0,53.80800000000001,34.48,60.0,0
30284.0,53.42999999999999,34.46,60.0,0
29072.0,53.044000000000004,34.42,60.0,0
27524.0,52.65,34.39,60.0,0
26196.0,52.248000000000005,34.36,60.0,0
25709.0,51.839999999999996,34.33,60.0,0
23793.0,51.428,34.3,60.0,0
22430.0,51.013999999999996,34.26,60.0,0
21092.0,50.596000000000004,34.23,60.0,0
20181.0,50.174,34.19,60.0,0
19670.0,49.751999999999995,34.16,60.0,0
17742.0,49.327999999999996,34.12,60.0,0
16621.0,48.902,34.08,60.0,0
15661.0,48.477999999999994,34.05,60.0,0
14073.0,48.052,34.01,60.0,0
12652.0,47.62,33.97,60.0,0
12557.0,47.19,33.93,60.0,0
10985.0,46.760000000000005,33.89,60.0,0
9290.0,46.326,33.84,60.0,0
8367.0,45.892,33.8,60.0,0
6468.0,45.456,33.76,60.0,0
6217.0,45.018,33.72,60.0,0
3191.0,44.572,33.67,60.0,0
2743.0,44.124,33.63,60.0,0
1659.0,43.672000000000004,33.58,60.0,0
0.0,43.218,33.54,60.0,0
0.0,42.762,33.49,60.0,0
0.0,42.315999999999995,33.44,60.0,0
0.0,41.879999999999995,33.39,60.0,0
0.0,41.458,33.35,60.0,0
0.0,41.056,33.3,60.0,0
0.0,40.67,33.25,60.0,0
0.0,40.302,33.2,60.0,0
0.0,39.948,33.15,60.0,0
0.0,39.612,33.1,60.0,0
0.0,39.288,33.04,60.0,0
0.0,38.980000000000004,32.99,60.0,0
0.0,38.682,32.94,60.0,0
0.0,38.398,32.89,60.0,0
0.0,38.124,32.83,60.0,0
0.0,37.862,32.78,60.0,0
0.0,37.61,32.72,60.0,0
0.0,37.37,32.67,60.0,0
0.0,37.138,32.61,60.0,0
0.0,36.914,32.56,60.0,0
0.0,36.698,32.5,60.0,0
0.0,36.489999999999995,32.44,60.0,0
0.0,36.29,32.39,60.0,0
0.0,36.098,32.33,60.0,0
0.0,35.914,32.27,60.0,0
0.0,35.736000000000004,32.21,60.0,0
0.0,35.564,32.15,60.0,0
0.0,35.396,32.09,60.0,0
0.0,35.234,32.03,60.0,0
0.0,35.076,31.97,60.0,0
0.0,34.924,31.91,60.0,0
0.0,34.775999999999996,31.85,60.0,0
0.0,34.632000000000005,31.79,60.0,0
0.0,34.492000000000004,31.73,60.0,0
0.0,34.358000000000004,31.67,60.0,0
0.0,34.226,31.61,60.0,0
0.0,34.098,31.55,60.0,0
0.0,33.974000000000004,31.48,60.0,0
0.0,33.854,31.42,60.0,0
0.0,33.733999999999995,31.36,60.0,0
0.0,33.618,31.29,60.0,0
0.0,33.504,31.23,60.0,0
0.0,33.394,31.17,60.0,0
0.0,33.284000000000006,31.1,60.0,0
0.0,33.178,31.04,60.0,0
0.0,33.074,30.98,60.0,0
0.0,32.972,30.91,60.0,0
0.0,32.872,30.85,60.0,0
0.0,32.774,30.78,60.0,0
0.0,32.678,30.72,60.0,0
0.0,32.584,30.65,60.0,0
0.0,32.492000000000004,30.59,60.0,0
0.0,32.4,30.52,60.0,0
0.0,32.31,30.46,60.0,0
0.0,32.22,30.39,60.0,0
0.0,32.132,30.33,60.0,0
0.0,32.044,30.26,60.0,0
0.0,31.958,30.2,60.0,0
0.0,31.874000000000002,30.13,60.0,0
0.0,31.79,30.07,60.0,0
0.0,31.706,30.0,60.0,0
0.0,31.624000000000002,29.93,60.0,0
0.0,31.542,29.87,60.0,0
0.0,31.46,29.8,60.0,0
0.0,31.381999999999998,29.74,60.0,0
0.0,31.304000000000002,29.67,60.0,0
0.0,31.226,29.61,60.0,0
0.0,31.148000000000003,29.54,60.0,0
0.0,31.072000000000003,29.48,60.0,0
0.0,30.994,29.41,60.0,0
0.0,30.918,29.35,60.0,0
0.0,30.842000000000002,29.28,60.0,0
0.0,30.768,29.22,60.0,0
0.0,30.694,29.15,60.0,0
0.0,30.619999999999997,29.09,60.0,0
0.0,30.546,29.02,60.0,0
0.0,30.474,28.96,60.0,0
0.0,30.401999999999997,28.9,60.0,0
0.0,30.330000000000002,28.83,60.0,0
0.0,30.26,28.77,60.0,0
0.0,30.189999999999998,28.71,60.0,0
0.0,30.119999999999997,28.64,60.0,0
0.0,30.05,28.58,60.0,0
0.0,29.98,28.52,60.0,0
0.0,29.910000000000004,28.45,60.0,0
0.0,29.839999999999996,28.39,60.0,0
0.0,29.77,28.33,60.0,0
0.0,29.7,28.27,60.0,0
0.0,29.630000000000003,28.21,60.0,0
0.0,29.562,28.15,60.0,0
0.0,29.494,28.09,60.0,0
0.0,29.426,28.03,60.0,0
0.0,29.360000000000003,27.97,60.0,0
0.0,29.294,27.91,60.0,0
0.0,29.227999999999998,27.85,60.0,0
0.0,29.162,27.79,60.0,0
0.0,29.096000000000004,27.73,60.0,0
0.0,29.03,27.67,60.0,0
0.0,28.966,27.61,60.0,0
0.0,28.9,27.56,60.0,0
0.0,28.836000000000002,27.5,60.0,0
0.0,28.774,27.44,60.0,0
0.0,28.71,27.39,60.0,0
0.0,28.645999999999997,27.33,60.0,0
0.0,28.583999999999996,27.28,60.0,0
0.0,28.522,27.22,60.0,0
0.0,28.458,27.17,60.0,0
0.0,28.395999999999997,27.11,60.0,0
0.0,28.333999999999996,27.06,60.0,0
0.0,28.272,27.01,60.0,0
0.0,28.21,26.96,60.0,0
0.0,28.15,26.9,60.0,0
0.0,28.089999999999996,26.85,60.0,0
0.0,28.032,26.8,60.0,0
0.0,27.974,26.75,60.0,0
0.0,27.916000000000004,26.7,60.0,0
0.0,27.857999999999997,26.65,60.0,0
0.0,27.802,26.61,60.0,0
0.0,27.744,26.56,60.0,0
0.0,27.686,26.51,60.0,0
0.0,27.630000000000003,26.46,60.0,0
0.0,27.574,26.42,60.0,0
0.0,27.518,26.37,60.0,0
0.0,27.462,26.33,60.0,0
0.0,27.407999999999998,26.28,60.0,0
0.0,27.354000000000003,26.24,60.0,0
0.0,27.302,26.2,60.0,0
0.0,27.248,26.16,60.0,0
0.0,27.195999999999998,26.11,60.0,0
0.0,27.144,26.07,60.0,0
0.0,27.092000000000002,26.03,60.0,0
0.0,27.04,25.99,60.0,0
0.0,26.99,25.95,60.0,0
0.0,26.939999999999998,25.92,60.0,0
0.0,26.889999999999997,25.88,60.0,0
0.0,26.842000000000002,25.84,60.0,0
0.0,26.794,25.81,60.0,0
0.0,26.746,25.77,60.0,0
0.0,26.7,25.74,60.0,0
0.0,26.653999999999996,25.7,60.0,0
0.0,26.607999999999997,25.67,60.0,0
0.0,26.562,25.64,60.0,0
0.0,26.518,25.61,60.0,0
0.0,26.474,25.58,60.0,0
0.0,26.432,25.54,60.0,0
0.0,26.387999999999998,25.52,60.0,0
0.0,26.346000000000004,25.49,60.0,0
0.0,26.304000000000002,25.46,60.0,0
0.0,26.262,25.43,60.0,0
0.0,26.22,25.41,60.0,0
0.0,26.182,25.38,60.0,0
0.0,26.144,25.36,60.0,0
0.0,26.106,25.33,60.0,0
0.0,26.07,25.31,60.0,0
0.0,26.034000000000002,25.29,60.0,0
0.0,25.998,25.27,60.0,0
0.0,25.962,25.24,60.0,0
0.0,25.927999999999997,25.22,60.0,0
0.0,25.894,25.21,60.0,0
0.0,25.860000000000003,25.19,60.0,0
0.0,25.826,25.17,60.0,0
0.0,25.794,25.15,60.0,0
0.0,25.762,25.14,60.0,0
0.0,25.73,25.12,60.0,0
0.0,25.701999999999998,25.11,60.0,0
0.0,25.674,25.1,60.0,0
0.0,25.645999999999997,25.08,60.0,0
0.0,25.619999999999997,25.07,60.0,0
0.0,25.594,25.06,60.0,0
0.0,25.568,25.05,60.0,0
0.0,25.541999999999998,25.04,60.0,0
0.0,25.518,25.03,60.0,0
0.0,25.494,25.03,60.0,0
0.0,25.472,25.02,60.0,0
0.0,25.45,25.02,60.0,0
0.0,25.43,25.01,60.0,0
0.0,25.41,25.01,60.0,0
0.0,25.39,25.0,60.0,0
0.0,25.369999999999997,25.0,60.0,0
0.0,25.35,25.0,60.0,0
0.0,25.332,25.0,60.0,0
0.0,25.314,25.0,60.0,0
0.0,25.298,25.0,60.0,0
0.0,25.284,25.0,60.0,0
0.0,25.27,25.01,60.0,0
0.0,25.256,25.01,60.0,0
0.0,25.244,25.02,60.0,0
0.0,25.232,25.02,60.0,0
0.0,25.22,25.03,60.0,0
0.0,25.21,25.03,60.0,0
0.0,25.202,25.04,60.0,0
0.0,25.194,25.05,60.0,0
0.0,25.186,25.06,60.0,0
0.0,25.18,25.07,60.0,0
0.0,25.174,25.08,60.0,0
0.0,25.168,25.1,60.0,0
0.0,25.164,25.11,60.0,0
0.0,25.162,25.12,60.0,0
0.0,25.16,25.14,60.0,0
0.0,25.16,25.15,60.0,0
0.0,25.16,25.17,60.0,0
0.0,25.16,25.19,60.0,0
0.0,25.16,25.21,60.0,0
0.0,25.16,25.22,60.0,0
0.0,25.162,25.24,60.0,0
0.0,25.164,25.27,60.0,0
0.0,25.168,25.29,60.0,0
0.0,25.172,25.31,60.0,0
0.0,25.178,25.33,60.0,0
0.0,25.184,25.36,60.0,0
0.0,25.192,25.38,60.0,0
0.0,25.2,25.41,60.0,0
0.0,25.21,25.43,60.0,0
0.0,25.22,25.46,60.0,0
0.0,25.23,25.49,60.0,0
0.0,25.241999999999997,25.52,60.0,0
0.0,25.253999999999998,25.54,60.0,0
0.0,25.268,25.58,60.0,0
0.0,25.282,25.61,60.0,0
0.0,25.298,25.64,60.0,0
0.0,25.312,25.67,60.0,0
0.0,25.328,25.7,60.0,0
0.0,25.344,25.74,60.0,0
0.0,25.362000000000002,25.77,60.0,0
0.0,25.380000000000003,25.81,60.0,0
0.0,25.4,25.84,60.0,0
0.0,25.419999999999998,25.88,60.0,0
0.0,25.442,25.92,60.0,0
0.0,25.464000000000002,25.95,60.0,0
0.0,25.486,25.99,60.0,0
0.0,25.509999999999998,26.03,60.0,0
0.0,25.534,26.07,60.0,0
0.0,25.558,26.11,60.0,0
0.0,25.584,26.16,60.0,0
0.0,25.612000000000002,26.2,60.0,0
0.0,25.639999999999997,26.24,60.0,0
0.0,25.668,26.28,60.0,0
0.0,25.695999999999998,26.33,60.0,0
0.0,25.726,26.37,60.0,0
0.0,25.756,26.42,60.0,0
0.0,25.786,26.46,60.0,0
1177.0,25.822000000000003,26.51,60.0,0
3297.0,25.869999999999997,26.56,60.0,0
3724.0,25.93,26.61,60.0,0
5175.0,26.008,26.65,60.0,0
86700.0,55.34,31.36,60.0,0
88749.0,55.515,31.42,60.0,0
87997.0,55.68333333333334,31.48,60.0,0
89132.0,55.8525,31.55,60.0,0
88852.0,56.01800000000001,31.61,60.0,0
90398.0,56.352,31.67,60.0,0
90560.0,56.67999999999999,31.73,60.0,0
91556.0,57.00599999999999,31.79,60.0,0
91934.0,57.327999999999996,31.85,60.0,0
93235.0,57.652,31.91,60.0,0
92276.0,57.970000000000006,31.97,60.0,0
94009.0,58.288,32.03,60.0,0
94443.0,58.604,32.09,60.0,0
94262.0,58.914,32.15,60.0,0
95499.0,59.220000000000006,32.21,60.0,0
95911.0,59.525999999999996,32.27,60.0,0
94857.0,59.822,32.33,60.0,0
95727.0,60.11,32.39,60.0,0
95589.0,60.394000000000005,32.44,60.0,0
96185.0,60.668000000000006,32.5,60.0,0
97006.0,60.934000000000005,32.56,60.0,0
97914.0,61.2,32.61,60.0,0
98521.0,61.465999999999994,32.67,60.0,0
98806.0,61.732000000000006,32.72,60.0,0
97178.0,61.992,32.78,60.0,0
99032.0,62.25,32.83,60.0,0
98128.0,62.498000000000005,32.89,60.0,0
97906.0,62.734,32.94,60.0,0
98894.0,62.96,32.99,60.0,0
100099.0,63.188,33.04,60.0,0
99031.0,63.40599999999999,33.1,60.0,0
99042.0,63.620000000000005,33.15,60.0,0
100175.0,63.834,33.2,60.0,0
98733.0,64.04,33.25,60.0,0
100417.0,64.238,33.3,60.0,0
100500.0,64.434,33.35,60.0,0
99530.0,64.624,33.39,60.0,0
99900.0,64.80799999999999,33.44,60.0,0
99122.0,64.98599999999999,33.49,60.0,0
99574.0,65.154,33.54,60.0,0
100356.0,65.316,33.58,60.0,0
99629.0,65.47200000000001,33.63,60.0,0
99149.0,65.618,33.67,60.0,0
100613.0,65.76599999999999,33.72,60.0,0
100117.0,65.91,33.76,60.0,0
99365.0,66.046,33.8,60.0,0
98637.0,66.176,33.84,60.0,0
100349.0,66.304,33.89,60.0,0
99128.0,66.422,33.93,60.0,0
99409.0,66.534,33.97,60.0,0
99155.0,66.64200000000001,34.01,60.0,0
98768.0,66.74600000000001,34.05,60.0,0
99461.0,66.846,34.08,60.0,0
99307.0,66.942,34.12,60.0,0
98867.0,67.03399999999999,34.16,60.0,0
97929.0,67.118,34.19,60.0,0
97775.0,67.196,34.23,60.0,0
96716.0,67.262,34.26,60.0,0
96131.0,67.316,34.3,60.0,0
95797.0,67.358,34.33,60.0,0
95349.0,67.39200000000001,34.36,60.0,0
95387.0,67.418,34.39,60.0,0
96128.0,67.442,34.42,60.0,0
95895.0,67.464,34.46,60.0,0
93785.0,67.47999999999999,34.48,60.0,0
95123.0,67.49600000000001,34.51,60.0,0
94203.0,67.508,34.54,60.0,0
93993.0,67.514,34.57,60.0,0
92263.0,67.508,34.59,60.0,0
91861.0,67.498,34.62,60.0,0
91585.0,67.476,34.64,60.0,0
91614.0,67.44800000000001,34.67,60.0,0
90467.0,67.41,34.69,60.0,0
90651.0,67.37,34.71,60.0,0
89076.0,67.322,34.73,60.0,0
88275.0,67.26599999999999,34.76,60.0,0
88340.0,67.202,34.78,60.0,0
86928.0,67.13,34.79,60.0,0
87541.0,67.05199999999999,34.81,60.0,0
87114.0,66.974,34.83,60.0,0
85296.0,66.89,34.85,60.0,0
85970.0,66.80199999999999,34.86,60.0,0
85344.0,66.714,34.88,60.0,0
82912.0,66.616,34.89,60.0,0
82924.0,66.506,34.9,60.0,0
81671.0,66.39200000000001,34.92,60.0,0
81128.0,66.26599999999999,34.93,60.0,0
80950.0,66.13199999999999,34.94,60.0,0
80066.0,65.994,34.95,60.0,0
79582.0,65.854,34.96,60.0,0
78620.0,65.708,34.97,60.0,0
78555.0,65.564,34.97,60.0,0
77079.0,65.41199999999999,34.98,60.0,0
76398.0,65.256,34.98,60.0,0
74636.0,65.09,34.99,60.0,0
74623.0,64.92,34.99,60.0,0
72947.0,64.738,35.0,60.0,0
72819.0,64.55,35.0,60.0,0
71985.0,64.35799999999999,35.0,60.0,0
70970.0,64.162,35.0,60.0,0
70408.0,63.96,35.0,60.0,0
67965.0,63.751999999999995,35.0,60.0,0
68573.0,63.54,35.0,60.0,0
67019.0,63.32000000000001,34.99,60.0,0
65523.0,63.092,34.99,60.0,0
64834.0,62.855999999999995,34.98,60.0,0
63012.0,62.614,34.98,60.0,0
63908.0,62.367999999999995,34.97,60.0,0
61219.0,62.112,34.97,60.0,0
61244.0,61.854,34.96,60.0,0
59691.0,61.592,34.95,60.0,0
59038.0,61.327999999999996,34.94,60.0,0
58019.0,61.056,34.93,60.0,0
55725.0,60.778,34.92,60.0,0
55710.0,60.49400000000001,34.9,60.0,0
55387.0,60.208000000000006,34.89,60.0,0
52640.0,59.914,34.88,60.0,0
52043.0,59.612,34.86,60.0,0
50459.0,59.30800000000001,34.85,60.0,0
49900.0,58.998000000000005,34.83,60.0,0
48552.0,58.678,34.81,60.0,0
48292.0,58.358000000000004,34.79,60.0,0
46546.0,58.034000000000006,34.78,60.0,0
45132.0,57.705999999999996,34.76,60.0,0
45088.0,57.376,34.73,60.0,0
43475.0,57.04600000000001,34.71,60.0,0
40982.0,56.70399999999999,34.69,60.0,0
40138.0,56.355999999999995,34.67,60.0,0
39353.0,56.004,34.64,60.0,0
38816.0,55.648,34.62,60.0,0
36860.0,55.284000000000006,34.59,60.0,0
35861.0,54.92,34.57,60.0,0
35604.0,54.55800000000001,34.54,60.0,0
34152.0,54.194,34.51,60.0,0
31690.0,53.82000000000001,34.48,60.0,0
30202.0,53.44,34.46,60.0,0
28901.0,53.053999999999995,34.42,60.0,0
29110.0,52.662,34.39,60.0,0
26301.0,52.262,34.36,60.0,0
26394.0,51.862,34.33,60.0,0
23956.0,51.458000000000006,34.3,60.0,0
23988.0,51.054,34.26,60.0,0
22298.0,50.646,34.23,60.0,0
20033.0,50.234,34.19,60.0,0
20035.0,49.82,34.16,60.0,0
18653.0,49.406,34.12,60.0,0
17682.0,48.989999999999995,34.08,60.0,0
16534.0,48.572,34.05,60.0,0
13488.0,48.15,34.01,60.0,0
13233.0,47.724000000000004,33.97,60.0,0
11944.0,47.294,33.93,60.0,0
11350.0,46.86,33.89,60.0,0
8646.0,46.42,33.84,60.0,0
7790.0,45.977999999999994,33.8,60.0,0
7379.0,45.536,33.76,60.0,0
6195.0,45.094,33.72,60.0,0
4491.0,44.648,33.67,60.0,0
2956.0,44.202,33.63,60.0,0
1360.0,43.754000000000005,33.58,60.0,0
0.0,43.3,33.54,60.0,0
0.0,42.844,33.49,60.0,0
0.0,42.394,33.44,60.0,0
0.0,41.952,33.39,60.0,0
0.0,41.528,33.35,60.0,0
0.0,41.12,33.3,60.0,0
0.0,40.732,33.25,60.0,0
0.0,40.36,33.2,60.0,0
0.0,40.006,33.15,60.0,0
0.0,39.664,33.1,60.0,0
0.0,39.339999999999996,33.04,60.0,0
0.0,39.028,32.99,60.0,0
0.0,38.727999999999994,32.94,60.0,0
0.0,38.44,32.89,60.0,0
0.0,38.166,32.83,60.0,0
0.0,37.9,32.78,60.0,0
0.0,37.646,32.72,60.0,0
0.0,37.403999999999996,32.67,60.0,0
0.0,37.17,32.61,60.0,0
0.0,36.944,32.56,60.0,0
0.0,36.727999999999994,32.5,60.0,0
0.0,36.519999999999996,32.44,60.0,0
0.0,36.318,32.39,60.0,0
0.0,36.124,32.33,60.0,0
0.0,35.938,32.27,60.0,0
0.0,35.757999999999996,32.21,60.0,0
0.0,35.583999999999996,32.15,60.0,0
0.0,35.416,32.09,60.0,0
0.0,35.254,32.03,60.0,0
0.0,35.096,31.97,60.0,0
0.0,34.942,31.91,60.0,0
0.0,34.792,31.85,60.0,0
0.0,34.648,31.79,60.0,0
0.0,34.507999999999996,31.73,60.0,0
0.0,34.372,31.67,60.0,0
0.0,34.239999999999995,31.61,60.0,0
0.0,34.112,31.55,60.0,0
0.0,33.986000000000004,31.48,60.0,0
0.0,33.864,31.42,60.0,0
0.0,33.744,31.36,60.0,0
0.0,33.628,31.29,60.0,0
0.0,33.513999999999996,31.23,60.0,0
0.0,33.403999999999996,31.17,60.0,0
0.0,33.294,31.1,60.0,0
0.0,33.188,31.04,60.0,0
0.0,33.083999999999996,30.98,60.0,0
0.0,32.982,30.91,60.0,0
0.0,32.882,30.85,60.0,0
0.0,32.784000000000006,30.78,60.0,0
0.0,32.688,30.72,60.0,0
0.0,32.592,30.65,60.0,0
0.0,32.498000000000005,30.59,60.0,0
0.0,32.404,30.52,60.0,0
0.0,32.314,30.46,60.0,0
0.0,32.224000000000004,30.39,60.0,0
0.0,32.136,30.33,60.0,0
0.0,32.05,30.26,60.0,0
0.0,31.964,30.2,60.0,0
0.0,31.877999999999997,30.13,60.0,0
0.0,31.794,30.07,60.0,0
0.0,31.712,30.0,60.0,0
0.0,31.630000000000003,29.93,60.0,0
0.0,31.55,29.87,60.0,0
0.0,31.47,29.8,60.0,0
0.0,31.389999999999997,29.74,60.0,0
0.0,31.310000000000002,29.67,60.0,0
0.0,31.23,29.61,60.0,0
0.0,31.151999999999997,29.54,60.0,0
0.0,31.074,29.48,60.0,0
0.0,30.998,29.41,60.0,0
0.0,30.922000000000004,29.35,60.0,0
0.0,30.848000000000003,29.28,60.0,0
0.0,30.772000000000002,29.22,60.0,0
0.0,30.698,29.15,60.0,0
0.0,30.624000000000002,29.09,60.0,0
0.0,30.55,29.02,60.0,0
0.0,30.476,28.96,60.0,0
0.0,30.404000000000003,28.9,60.0,0
0.0,30.332,28.83,60.0,0
0.0,30.26,28.77,60.0,0
0.0,30.189999999999998,28.71,60.0,0
0.0,30.119999999999997,28.64,60.0,0
0.0,30.05,28.58,60.0,0
0.0,29.98,28.52,60.0,0
0.0,29.910000000000004,28.45,60.0,0
0.0,29.839999999999996,28.39,60.0,0
0.0,29.77,28.33,60.0,0
0.0,29.7,28.27,60.0,0
0.0,29.631999999999998,28.21,60.0,0
0.0,29.564,28.15,60.0,0
0.0,29.496,28.09,60.0,0
0.0,29.427999999999997,28.03,60.0,0
0.0,29.362000000000002,27.97,60.0,0
0.0,29.294,27.91,60.0,0
0.0,29.227999999999998,27.85,60.0,0
0.0,29.162,27.79,60.0,0
0.0,29.098000000000003,27.73,60.0,0
0.0,29.032,27.67,60.0,0
0.0,28.968,27.61,60.0,0
0.0,28.901999999999997,27.56,60.0,0
0.0,28.838,27.5,60.0,0
0.0,28.774,27.44,60.0,0
0.0,28.71,27.39,60.0,0
0.0,28.645999999999997,27.33,60.0,0
0.0,28.583999999999996,27.28,60.0,0
0.0,28.522,27.22,60.0,0
0.0,28.458,27.17,60.0,0
0.0,28.395999999999997,27.11,60.0,0
0.0,28.333999999999996,27.06,60.0,0
0.0,28.272,27.01,60.0,0
0.0,28.21,26.96,60.0,0
0.0,28.15,26.9,60.0,0
0.0,28.089999999999996,26.85,60.0,0
0.0,28.032,26.8,60.0,0
0.0,27.974,26.75,60.0,0
0.0,27.916000000000004,26.7,60.0,0
0.0,27.857999999999997,26.65,60.0,0
0.0,27.802,26.61,60.0,0
0.0,27.744,26.56,60.0,0
0.0,27.686,26.51,60.0,0
0.0,27.630000000000003,26.46,60.0,0
0.0,27.574,26.42,60.0,0
0.0,27.518,26.37,60.0,0
0.0,27.462,26.33,60.0,0
0.0,27.407999999999998,26.28,60.0,0
0.0,27.354000000000003,26.24,60.0,0
0.0,27.302,26.2,60.0,0
0.0,27.248,26.16,60.0,0
0.0,27.195999999999998,26.11,60.0,0
0.0,27.144,26.07,60.0,0
0.0,27.092000000000002,26.03,60.0,0
0.0,27.04,25.99,60.0,0
0.0,26.99,25.95,60.0,0
0.0,26.939999999999998,25.92,60.0,0
0.0,26.889999999999997,25.88,60.0,0
0.0,26.842000000000002,25.84,60.0,0
0.0,26.794,25.81,60.0,0
0.0,26.746,25.77,60.0,0
0.0,26.7,25.74,60.0,0
0.0,26.653999999999996,25.7,60.0,0
0.0,26.607999999999997,25.67,60.0,0
0.0,26.562,25.64,60.0,0
0.0,26.518,25.61,60.0,0
0.0,26.474,25.58,60.0,0
0.0,26.432,25.54,60.0,0
0.0,26.387999999999998,25.52,60.0,0
0.0,26.346000000000004,25.49,60.0,0
0.0,26.304000000000002,25.46,60.0,0
0.0,26.262,25.43,60.0,0
0.0,26.22,25.41,60.0,0
0.0,26.182,25.38,60.0,0
0.0,26.144,25.36,60.0,0
0.0,26.106,25.33,60.0,0
0.0,26.07,25.31,60.0,0
0.0,26.034000000000002,25.29,60.0,0
0.0,25.998,25.27,60.0,0
0.0,25.962,25.24,60.0,0
0.0,25.927999999999997,25.22,60.0,0
0.0,25.894,25.21,60.0,0
0.0,25.860000000000003,25.19,60.0,0
0.0,25.826,25.17,60.0,0
0.0,25.794,25.15,60.0,0
0.0,25.762,25.14,60.0,0
0.0,25.73,25.12,60.0,0
0.0,25.701999999999998,25.11,60.0,0
0.0,25.674,25.1,60.0,0
0.0,25.645999999999997,25.08,60.0,0
0.0,25.619999999999997,25.07,60.0,0
0.0,25.594,25.06,60.0,0
0.0,25.568,25.05,60.0,0
0.0,25.541999999999998,25.04,60.0,0
0.0,25.518,25.03,60.0,0
0.0,25.494,25.03,60.0,0
0.0,25.472,25.02,60.0,0
0.0,25.45,25.02,60.0,0
0.0,25.43,25.01,60.0,0
0.0,25.41,25.01,60.0,0
0.0,25.39,25.0,60.0,0
0.0,25.369999999999997,25.0,60.0,0
0.0,25.35,25.0,60.0,0
0.0,25.332,25.0,60.0,0
0.0,25.314,25.0,60.0,0
0.0,25.298,25.0,60.0,0
0.0,25.284,25.0,60.0,0
0.0,25.27,25.01,60.0,0
0.0,25.256,25.01,60.0,0
0.0,25.244,25.02,60.0,0
0.0,25.232,25.02,60.0,0
0.0,25.22,25.03,60.0,0
0.0,25.21,25.03,60.0,0
