,T_PV,I,T_mt,Do_am
84900,28.75,5170,31.9,66
84960,28.75,5089.17,31.9,65.7
85020,28.75,5331.67,32,65.6
85080,28.75,5410.83,32,65.9
85140,28.75,5203.33,32,65.7
85200,28.87,5237.5,32.1,65.4
85260,29,5224.17,32.1,65.2
85320,29,4858.33,32.1,65
85380,28.94,5304.17,32.2,65
85440,29,5218.33,32.2,65
85500,29.12,4782.5,32.2,65.1
85560,29.12,5171.67,32.3,65
85620,29.12,4966.67,32.3,64.9
85680,29.25,4532.5,32.3,64.7
85740,29.31,4837.5,32.4,64.6
85800,29.37,4958.33,32.4,64.6
85860,29.37,4271.67,32.5,64.7
85920,29.31,3747.5,32.5,64.4
85980,29.19,4282.5,32.4,64.4
86040,29.25,4586.67,32.5,64.5
86100,29.31,4772.5,32.5,64.4
86160,29.37,5014.17,32.5,64.4
86220,29.44,4226.67,32.5,64.2
86280,29.37,4971.67,32.5,64.2
86340,29.44,4660,32.6,64.2
86400,29.5,4378.33,32.6,64.3
86460,29.31,4610.83,32.6,64.2
86520,29.31,4285.83,32.6,64
86580,29.31,3723.33,32.6,64.1
86640,29.31,3772.5,32.6,64
86700,29.19,2860.83,32.5,64.2
86760,29,2675,32.4,64.2
86820,28.94,3401.67,32.4,64.2
86880,28.94,4898.33,32.4,64.4
86940,29,5406.67,32.4,64.4
87000,29,4556.67,32.3,64.5
87060,29.06,4298.33,32.4,64.6
87120,29.06,5048.33,32.4,64.5
87180,29.12,5411.67,32.4,64.6
87240,29.12,5287.5,32.4,64.7
87300,29.06,4660.83,32.4,64.6
87360,29.12,5104.17,32.5,64.4
87420,29.19,5370,32.5,64.3
87480,29.25,5265.83,32.5,64.2
87540,29.31,4227.5,32.5,64
87600,29.37,3220.83,32.5,64.1
87660,29.31,3218.33,32.5,64.1
87720,29.19,3462.5,32.5,64.3
87780,29.12,4066.67,32.4,64.4
87840,29.12,3935.83,32.4,64.5
87900,29.12,3545.83,32.4,64.4
87960,29.19,3321.67,32.4,64.7
88020,29,3800.83,32.4,64.4
88080,29,3805,32.4,64.4
88140,29.06,4192.5,32.4,64.7
88200,29.06,4641.67,32.4,64.5
88260,29.06,5078.33,32.4,64.5
88320,29.12,5334.17,32.4,64.5
88380,29.25,5564.17,32.5,64.4
88440,29.37,5667.5,32.5,64.1
88500,29.31,5605,32.5,64
88560,29.37,5566.67,32.6,64.1
88620,29.5,5254.17,32.7,63.9
88680,29.56,5415,32.7,63.6
88740,29.62,5949.17,32.8,63.5
88800,29.81,6245,32.9,63.4
88860,29.87,6131.67,32.9,63.2
88920,30,6020,33,63.2
88980,30.06,5932.5,33,63.1
89040,30.06,5777.5,33.1,62.9
89100,30.19,4973.33,33.2,62.8
89160,30.25,4720,33.2,62.6
89220,30.19,4652.5,33.2,62.3
89280,30.12,3998.33,33.3,62.3
89340,30.06,4195.83,33.3,62.3
89400,30.06,3951.67,33.3,62.3
89460,30,4127.5,33.2,62.5
89520,29.87,3637.5,33.2,62.6
89580,29.81,3329.17,33.2,62.7
89640,29.75,3269.17,33.1,62.8
89700,29.69,2995.83,33.1,62.8
89760,29.56,2944.17,33,63
89820,29.56,2881.67,32.9,63.5
89880,29.44,2746.67,32.9,63.6
89940,29.31,2828.33,32.8,63.8
90000,29.25,2815,32.7,63.9
90060,29.19,3120.83,32.7,64.1
90120,29.19,3554.17,32.7,64.3
90180,29.12,4464.17,32.7,64.5
90240,29.19,4875,32.6,64.4
90300,29.19,3680,32.6,64.4
90360,29.25,4882.5,32.6,64.3
90420,29.31,4850.83,32.7,64.2
90480,29.37,4719.17,32.7,64.3
90540,29.31,4470.83,32.7,63.9
90600,29.37,4987.5,32.7,64
90660,29.44,5024.17,32.7,64
90720,29.44,5384.17,32.7,63.9
90780,29.5,5605.83,32.8,64.1
90840,29.62,5827.5,32.8,64
90900,29.62,6199.17,32.9,63.9
90960,29.81,5724.17,32.9,63.6
91020,29.81,4838.33,32.9,63.4
91080,29.87,3422.5,33,63.4
91140,29.75,2488.33,33,63.3
91200,29.75,2487.5,32.9,63.4
91260,29.69,2218.33,32.9,63.5
91320,29.56,1813.33,32.9,63.8
91380,29.44,1170,32.8,63.8
91440,29.25,1008.33,32.7,63.8
91500,29.06,1165.83,32.7,64.2
91560,29,1479.17,32.6,64.3
91620,28.87,1955,32.5,64.4
91680,28.81,2363.33,32.5,64.6
91740,28.75,2149.17,32.4,64.8
91800,28.56,2385.83,32.3,65.2
91860,28.56,2921.67,32.3,65.3
91920,28.62,3671.67,32.3,65.2
91980,28.62,4266.67,32.3,65.2
92040,28.75,4926.67,32.3,65.5
92100,28.81,5501.67,32.3,65.4
92160,28.94,5828.33,32.3,65.1
92220,29.06,5965.83,32.4,64.8
92280,29.25,5707.5,32.5,64.3
92340,29.37,5360,32.5,64.2
92400,29.5,5344.17,32.6,63.9
92460,29.62,4955,32.7,63.7
92520,29.69,4418.33,32.7,63.5
92580,29.62,5079.17,32.7,63.5
92640,29.56,5128.33,32.8,63.4
92700,29.62,4690,32.9,63.4
92760,29.75,4410.83,32.9,63.3
92820,29.75,4000.83,32.9,63.1
92880,29.75,3435,32.9,63.3
92940,29.56,3037.5,32.9,63.3
93000,29.62,3030.83,32.9,63.3
93060,29.56,2227.5,32.9,63.4
93120,29.5,2312.5,32.9,63.4
93180,29.5,2592.5,32.8,63.5
93240,29.37,2734.17,32.8,63.5
93300,29.37,2730,32.8,63.6
93360,29.25,2534.17,32.7,63.8
93420,29.25,2265,32.7,63.9
93480,29.12,3417.5,32.6,64
93540,29.12,4130.83,32.6,64.3
93600,29.19,3594.17,32.7,63.8
93660,29.19,3307.5,32.7,63.7
93720,29.12,2731.67,32.6,63.8
93780,29.06,2323.33,32.6,63.9
93840,29,2257.5,32.5,64
93900,28.94,2268.33,32.5,64
93960,28.94,2212.5,32.5,64.1
94020,28.75,2193.33,32.4,64.3
94080,28.69,2242.5,32.3,64.6
94140,28.56,2519.17,32.3,64.5
94200,28.56,2255,32.2,64.4
94260,28.44,1643.33,32.1,64.9
94320,28.37,1270,32,64.9
94380,28.31,1235.83,32,65.1
94440,28.25,1295,31.9,65.4
94500,28.25,1623.33,31.9,65.4
94560,28.19,2190,31.9,65.6
94620,28.19,3057.5,31.9,65.5
94680,28.25,4167.5,31.9,65.4
94740,28.37,5290.83,31.9,65.4
94800,28.5,5775.83,32,65.3
94860,28.75,5778.33,32.1,65.1
94920,28.87,6099.17,32.2,64.9
94980,29.12,6506.67,32.3,64.5
95040,29.25,6945.83,32.5,64.2
95100,29.44,7099.17,32.6,63.9
95160,29.69,6755,32.7,63.7
95220,29.75,5954.17,32.9,63.2
95280,29.94,4793.33,32.9,62.9
95340,29.94,3877.5,33,62.7
95400,30,2688.33,33,62.6
95460,29.94,2546.67,33,62.5
95520,29.87,2652.5,33,62.6
95580,29.75,2022.5,33,62.7
95640,29.62,1426.67,32.9,62.8
95700,29.44,1813.33,32.9,62.9
95760,29.31,1985,32.8,63
95820,29.12,1795.83,32.7,63.1
95880,29.06,1842.5,32.6,63.4
95940,29,2220.83,32.6,63.5
96000,28.87,3115,32.6,63.6
96060,28.87,2951.67,32.5,63.7
96120,28.94,2520.83,32.5,63.8
96180,28.94,2784.17,32.5,63.9
96240,28.94,2998.33,32.5,63.9
96300,29,3204.17,32.5,64.1
96360,29,3935.83,32.5,64.1
96420,29,4293.33,32.5,64
96480,29.06,4128.33,32.5,63.9
96540,29.06,4117.5,32.5,63.8
96600,29.12,3937.5,32.5,63.8
96660,29.19,3180.83,32.5,63.8
96720,29.19,2560.83,32.5,63.8
96780,29.19,2552.5,32.5,63.7
96840,29.12,2568.33,32.5,63.7
96900,29,2615.83,32.4,64
96960,28.87,3060,32.4,64.1
97020,29,3308.33,32.5,64.1
97080,29.06,3630,32.5,64.1
97140,29.12,3977.5,32.5,64.1
97200,29.12,4347.5,32.5,64
97260,29.19,4620.83,32.5,63.6
97320,29.19,4938.33,32.6,63.9
97380,29.31,4319.17,32.6,63.8
97440,29.44,4305,32.6,63.8
97500,29.44,4090.83,32.6,63.7
97560,29.37,3710.83,32.7,63.8
97620,29.5,3736.67,32.7,63.6
97680,29.56,3145.83,32.8,63.4
97740,29.62,2070.83,32.8,63.3
97800,29.56,1885,32.8,63.1
97860,29.37,2082.5,32.8,63.2
97920,29.37,2442.5,32.8,63.3
97980,29.31,2972.5,32.8,63.1
98040,29.25,2764.17,32.7,63.1
98100,29.12,1939.17,32.6,63.5
98160,29,1600,32.6,63.7
98220,28.94,1944.17,32.5,63.7
98280,28.87,2880.83,32.5,63.8
98340,28.87,4673.33,32.5,64.1
98400,29,5947.5,32.5,64.1
98460,29.06,4833.33,32.5,64.2
98520,29.25,4480.83,32.6,63.9
98580,29.31,2960.83,32.6,63.6
98640,29.31,2280.83,32.6,63.7
98700,29.25,1669.17,32.6,63.8
98760,29.06,1367.5,32.5,64
98820,28.94,1508.33,32.5,63.9
98880,28.87,1925,32.4,64.1
98940,28.87,3055,32.4,64.1
99000,28.87,4390.83,32.4,64.1
99060,28.94,4664.17,32.4,64.1
99120,29.06,3959.17,32.5,64
99180,29.06,3740,32.5,63.8
99240,29.12,3903.33,32.5,63.8
99300,29.12,3685,32.5,63.6
99360,29.12,3465,32.5,63.5
99420,29.06,3715,32.5,63.6
99480,29.12,4382.5,32.5,63.5
99540,29.06,5267.5,32.6,63.4
99600,29.25,5995,32.6,63.3
99660,29.37,6188.33,32.7,62.9
99720,29.56,5748.33,32.8,62.8
99780,29.69,5279.17,32.9,62.5
99840,29.75,5775,33,62.3
99900,29.94,6055,33.1,62
99960,29.94,5985,33.2,61.6
100020,30.06,6092.5,33.2,61.8
100080,30.19,5970.83,33.3,61.5
100140,30.25,5760,33.4,61.2
100200,30.37,6193.33,33.5,60.9
100260,30.56,6238.33,33.6,60.7
100320,30.69,5370,33.7,60.6
100380,30.75,5032.5,33.7,60.3
100440,30.75,4350,33.7,60.2
100500,30.81,4326.67,33.7,60.3
100560,30.69,4127.5,33.8,60.3
100620,30.62,4540.83,33.7,60.2
100680,30.62,5006.67,33.8,60.1
100740,30.56,5763.33,33.8,59.8
100800,30.56,6239.17,33.7,59.6
100860,30.37,7035.83,33.7,59.7
100920,30.56,7519.17,33.8,59.6
100980,30.75,6973.33,33.9,59.4
101040,30.87,6426.67,34,59
101100,30.87,6026.67,34,58.7
101160,30.87,5424.17,34,58.5
101220,31,4410.83,34.1,58.3
101280,30.87,3975.83,34.1,58.7
101340,30.81,4510.83,34.1,58.6
101400,30.75,5630,34,58.1
101460,30.75,6768.33,34,58.4
101520,30.75,7146.67,34.1,58.1
101580,30.94,6636.67,34.1,58.2
101640,30.94,5830.83,34.1,58.1
101700,31.06,4545.83,34.2,58.2
101760,31.06,4021.67,34.2,58.1
101820,30.94,3572.5,34.1,58.4
101880,30.81,3014.17,34.1,58.4
101940,30.69,2659.17,34,58.3
102000,30.44,2305,34,58.5
102060,30.31,2046.67,33.9,58.7
102120,30.12,1860.83,33.7,59.1
102180,30,1770,33.7,59.4
102240,29.87,1925.83,33.6,59.5
102300,29.75,2015,33.5,59.7
102360,29.69,1675,33.4,60
102420,29.56,1398.33,33.3,60.2
102480,29.44,1455.83,33.2,60.6
102540,29.31,1451.67,33.1,60.8
102600,29.31,1405,33.1,61
102660,29.19,1353.33,33,61.2
102720,29.12,1292.5,32.9,61.5
102780,29.06,1403.33,32.8,61.7
102840,29,1418.33,32.8,61.8
102900,28.94,1360.83,32.7,62
102960,28.81,1264.17,32.6,62.2
103020,28.75,1235,32.5,62.4
103080,28.69,1325,32.5,62.6
103140,28.62,1513.33,32.5,62.9
103200,28.62,1531.67,32.4,62.9
103260,28.62,1623.33,32.3,63
103320,28.56,1468.33,32.3,63
103380,28.56,1468.33,32.3,63.3
103440,28.56,1468.33,32.3,63.3
103500,28.56,1245,32.2,63.4
103560,28.5,1163.33,32.2,63.4
103620,28.5,1042.5,32.2,63.5
103680,28.44,1059.17,32.1,63.8
103740,28.37,1150,32.1,63.8
103800,28.37,1008.33,32.1,63.9
103860,28.31,982.5,32,63.8
103920,28.31,914.17,32,64.2
103980,28.25,934.17,32,64.2
104040,28.25,1146.67,31.9,64.4
104100,28.19,1405,32,64.4
104160,28.19,1762.5,31.9,64.5
104220,28.19,2176.67,31.9,64.6
104280,28.25,2210.83,31.9,64.6
104340,28.25,2165,31.9,64.5
104400,28.31,2053.33,31.9,64.7
104460,28.31,2030,31.9,64.6
104520,28.31,2440,31.9,64.7
104580,28.31,3105.83,32,64.8
104640,28.44,2973.33,32,64.6
104700,28.56,2601.67,32,64.7
104760,28.62,2163.33,32.1,64.7
104820,28.62,1617.5,32.1,64.6
104880,28.62,1408.33,32.1,64.8
104940,28.56,1422.5,32.1,64.6
105000,28.5,1325.83,32.1,64.7
105060,28.5,930.83,32.1,64.8
105120,28.5,725,32.1,64.5
105180,28.37,620.83,32,64.6
105240,28.37,650,32,64.6
105300,28.31,706.67,32,64.8
105360,28.25,750,31.9,64.9
105420,28.25,932.5,31.9,64.9
105480,28.19,1104.17,31.9,65.1
105540,28.12,1260.83,31.9,65.3
105600,28.19,1305.83,31.9,65.3
105660,28.19,1140.83,31.9,65.5
105720,28.19,1050.83,31.8,65.6
105780,28.06,965.83,31.8,65.8
105840,28.06,996.67,31.8,65.9
105900,28,1112.5,31.7,66
105960,28,1262.5,31.7,66.3
106020,28,1565,31.7,66.2
106080,28.06,1901.67,31.7,65.9
106140,28.06,2034.17,31.7,65.8
106200,28.12,2024.17,31.8,65.6
106260,28.12,2233.33,31.8,65.6
106320,28.25,2395,31.8,65.4
106380,28.31,2723.33,31.9,65.4
106440,28.37,2892.5,31.9,65.2
106500,28.5,3009.17,32,65.1
106560,28.56,2799.17,32,65
106620,28.69,2691.67,32,64.9
106680,28.69,2520.83,32.1,64.9
106740,28.75,2552.5,32.1,64.8
106800,28.81,2705,32.2,64.8
106860,28.81,2555,32.2,64.6
106920,28.81,2709.17,32.3,64.5
106980,28.94,2977.5,32.3,64.5
107040,28.87,3106.67,32.3,64.4
107100,28.87,3068.33,32.3,64.4
107160,28.87,2948.33,32.3,64.4
107220,28.94,2640.83,32.3,64.3
107280,29,2378.33,32.3,64.2
107340,28.94,2031.67,32.4,64.2
107400,28.94,1922.5,32.3,64.2
107460,28.87,1780,32.3,64.2
107520,28.81,1416.67,32.3,64.3
107580,28.81,1252.5,32.3,64.4
107640,28.69,832.5,32.3,64.6
107700,28.69,562.5,32.3,64.8
107760,28.62,477.5,32.2,65.1
107820,28.5,533.33,32.2,65.3
107880,28.44,653.33,32.2,65.5
107940,28.37,614.17,32.1,65.8
108000,28.31,645.83,32,65.9
108060,28.19,824.17,32,66.1
108120,28.25,867.5,32,66.4
108180,28.19,750.83,31.9,66.4
108240,28.12,620.83,31.9,66.6
108300,28.06,484.17,31.8,66.8
108360,27.94,561.67,31.8,67.1
108420,27.94,675.83,31.7,67.2
108480,27.94,741.67,31.7,67.3
108540,27.94,867.5,31.7,67.6
108600,27.94,928.33,31.6,67.6
108660,27.94,940,31.6,67.5
108720,27.87,874.17,31.6,67.5
108780,27.87,813.33,31.6,67.5
108840,27.87,800.83,31.6,67.7
108900,27.87,609.17,31.6,67.6
108960,27.94,479.17,31.6,67.5
109020,27.87,493.33,31.6,67.4
109080,27.81,490.83,31.5,67.5
109140,27.69,392.5,31.4,67.6
109200,27.62,410.83,31.4,67.8
109260,27.56,460.83,31.4,67.9
109320,27.62,449.17,31.4,68
109380,27.56,460.83,31.4,68
109440,27.5,472.5,31.3,68
109500,27.5,497.5,31.3,68.1
109560,27.5,581.67,31.3,68.2
109620,27.5,715.83,31.3,68.3
109680,27.5,680.83,31.3,68.3
109740,27.5,680.83,31.2,68.4
109800,27.5,627.5,31.2,68.4
109860,27.44,622.5,31.2,68.5
109920,27.5,611.67,31.2,68.7
109980,27.5,623.33,31.2,68.7
110040,27.44,636.67,31.2,68.8
110100,27.31,670.83,31.1,68.7
110160,27.31,626.67,31.1,68.9
110220,27.31,535,31.1,68.9
110280,27.31,446.67,31.1,69
110340,27.37,386.67,31.1,69.1
110400,27.31,365,31,69.2
110460,27.25,331.67,31,69.3
110520,27.19,347.5,31,69.4
110580,27.19,324.17,30.9,69.5
110640,27.12,337.5,30.9,69.5
110700,27.06,242.5,30.8,69.6
110760,26.94,221.67,30.8,69.8
110820,27,206.67,30.8,69.8
110880,26.94,200,30.8,69.9
110940,26.94,173.33,30.8,70.1
111000,26.94,152.5,30.7,70.1
111060,26.94,146.67,30.7,70.3
111120,26.94,158.33,30.7,70.2
111180,26.94,138.33,30.7,70.3
111240,26.94,147.5,30.7,70.5
111300,26.94,184.17,30.7,70.4
111360,26.94,177.5,30.6,70.4
111420,26.87,182.5,30.6,70.5
111480,26.87,195,30.7,70.4
111540,26.87,180.83,30.7,70.4
111600,26.94,188.33,30.7,70.4
111660,26.87,201.67,30.7,70.5
111720,26.87,185,30.6,70.4
111780,26.87,154.17,30.6,70.4
111840,26.87,119.17,30.6,70.5
111900,26.87,122.5,30.6,70.6
111960,26.81,113.33,30.6,70.8
112020,26.81,116.67,30.6,70.6
112080,26.87,101.67,30.6,70.7
112140,26.81,92.5,30.6,70.7
112200,26.87,80,30.6,70.7
112260,26.87,66.67,30.6,70.7
112320,26.87,60.83,30.6,70.8
112380,26.87,53.33,30.6,70.7
112440,26.81,47.5,30.6,70.5
112500,26.81,51.67,30.6,70.7
112560,26.75,55.83,30.6,70.7
112620,26.81,54.17,30.6,70.7
112680,26.81,61.67,30.6,70.6
112740,26.81,66.67,30.6,70.8
112800,26.81,63.33,30.6,70.6
112860,26.81,63.33,30.6,70.6
112920,26.81,70.83,30.5,70.6
112980,26.75,80,30.5,70.7
113040,26.69,76.67,30.5,70.8
113100,26.75,87.5,30.5,71
113160,26.69,95,30.5,71
113220,26.75,75,30.5,70.8
113280,26.75,72.5,30.5,70.8
113340,26.69,52.5,30.5,70.9
113400,26.69,31.67,30.5,70.9
113460,26.69,28.33,30.5,71
113520,26.69,22.5,30.5,71
113580,26.75,23.33,30.5,71.1
113640,26.69,21.67,30.4,71.1
113700,26.69,23.33,30.4,71.1
113760,26.62,24.17,30.4,71.2
113820,26.62,24.17,30.4,71.1
113880,26.56,25,30.4,71.5
113940,26.56,24.17,30.4,71.4
114000,26.5,22.5,30.3,71.2
114060,26.5,25.83,30.3,71.5
114120,26.5,25,30.3,71.2
114180,26.44,23.33,30.3,71.3
114240,26.44,21.67,30.2,71.3
114300,26.44,21.67,30.2,71.2
114360,26.44,18.33,30.2,71.3
114420,26.44,15.83,30.2,71.3
114480,26.44,16.67,30.2,71.3
114540,26.5,15.83,30.2,71.2
114600,26.44,15,30.2,71.2
114660,26.5,13.33,30.2,71.2
114720,26.5,15.83,30.2,71.2
114780,26.44,17.5,30.3,71.2
114840,26.5,16.67,30.2,71.2
114900,26.5,15,30.3,71.2
114960,26.5,13.33,30.3,70.9
115020,26.44,12.5,30.2,71.1
115080,26.44,11.67,30.2,71.1
115140,26.44,10.83,30.2,71.1
115200,26.37,8.33,30.2,71
115260,26.44,8.33,30.2,71
115320,26.44,8.33,30.2,71.1
115380,26.44,6.67,30.2,71.1
115440,26.44,5.83,30.2,71
115500,26.37,5,30.2,71.1
115560,26.37,4.17,30.2,71.1
115620,26.37,3.33,30.1,71.2
115680,26.37,3.33,30.1,71.1
115740,26.37,2.5,30.1,71.1
115800,26.37,1.67,30.1,71.1
115860,26.37,1.67,30.1,71.2
115920,26.31,0.83,30.1,71.3
115980,26.31,0.83,30.1,71.3
116040,26.31,0.83,30.1,71.3
116100,26.31,0,30.1,71.4
116160,26.31,0,30.1,71.3
116220,26.31,0,30.1,71.3
116280,26.31,0,30.1,71.2
116340,26.37,0,30.1,71.2
116400,26.37,0,30.1,71.2
116460,26.37,0,30.2,71.2
116520,26.37,0,30.1,71.2
116580,26.37,0,30.1,71.2
116640,26.37,0,30.1,71.2
116700,26.31,0,30.1,71.2
116760,26.31,0,30.1,71.2
116820,26.31,0,30,71.3
116880,26.25,0,30,71.5
116940,26.31,0,30,71.5
117000,26.31,0,30.1,71.5
117060,26.31,0,30.1,71.4
117120,26.31,0,30.1,71.4
117180,26.31,0,30.1,71.4
117240,26.31,0,30.1,71.5
117300,26.31,0,30.1,71.4
117360,26.31,0,30.1,71.3
117420,26.31,0,30.1,71.4
117480,26.31,0,30.1,71.3
117540,26.31,0,30.1,71.3
117600,26.31,0,30.1,71.2
117660,26.25,0,30.1,71.3
117720,26.31,0,30.1,71.4
117780,26.31,0,30.1,71.4
117840,26.25,0,30.1,71.3
117900,26.31,0,30.1,71.2
117960,26.31,0,30.1,71.2
118020,26.25,0,30,71.3
118080,26.25,0,30.1,71.3
118140,26.25,0,30,71.2
118200,26.25,0,30,71.2
118260,26.25,0,30,71.2
118320,26.19,0,30,71.3
118380,26.19,0,30,71.3
118440,26.19,0,30,71.3
118500,26.12,0,29.9,71.3
118560,26.12,0,29.9,71.4
118620,26.06,0,29.9,71.4
118680,26.06,0,29.9,71.4
118740,26.12,0,29.8,71.6
118800,26.06,0,29.9,71.7
118860,26.06,0,29.9,71.7
118920,26.06,1.67,29.8,71.8
118980,26.06,2.5,29.8,71.8
119040,26.06,2.5,29.9,71.9
119100,26.12,2.5,29.9,71.9
119160,26.12,2.5,29.8,71.8
119220,26.06,2.5,29.8,72
119280,26.06,2.5,29.8,72.2
119340,26.12,2.5,29.8,72
119400,26.12,2.5,29.9,72
119460,26.12,2.5,29.8,71.9
119520,26.12,2.5,29.8,72.1
119580,26.06,2.5,29.8,71.9
119640,26.06,2.5,29.8,71.9
119700,26.06,2.5,29.8,72
119760,26.06,0,29.8,72
119820,26.06,0,29.8,72.2
119880,26.06,0,29.8,72
119940,26.06,0,29.8,72.1
120000,26.06,0,29.8,72.2
120060,26,0,29.8,72.1
120120,26.06,0,29.8,72.1
120180,26,0,29.8,72.4
120240,26,0,29.8,72.4
120300,26,0,29.8,72.4
120360,26,0,29.8,72.4
120420,26,0,29.8,72.5
120480,26.06,0,29.8,72.5
120540,26,0,29.8,72.4
120600,26,0,29.8,72.5
120660,26,0,29.8,72.5
120720,26,0,29.8,72.5
120780,26,0,29.8,72.5
120840,26,0,29.8,72.5
120900,26,0,29.8,72.5
120960,26,0,29.8,72.4
121020,26,0,29.8,72.4
121080,25.94,0,29.8,72.5
121140,25.94,0,29.7,73.5
121200,25.69,0,29.7,74.7
121260,25.62,0,29.7,74.9
121320,25.5,0,29.7,75.5
121380,25.44,0,29.6,74.9
121440,25.31,0,29.5,75
121500,25.25,0,29.5,75.4
121560,25.25,0,29.4,76.3
121620,25.25,0,29.4,75.9
121680,25.25,0,29.4,76.6
121740,25.25,0,29.3,76.5
121800,25.25,0,29.2,76.3
121860,25.12,0,29.2,76.4
121920,25.12,0,29.2,76.8
121980,25.12,0,29.2,76.5
122040,25.19,1.67,29.2,76.7
122100,25.19,1.67,29.2,76.3
122160,25.19,1.67,29.2,76.6
122220,25.12,2.5,29.1,76.2
122280,25.19,2.5,29.1,76.4
122340,25.19,2.5,29.1,76.7
122400,25.19,2.5,29.1,76.7
122460,25.19,2.5,29.1,77
122520,25.25,2.5,29.1,76.9
122580,25.25,2.5,29.1,76.5
122640,25.25,2.5,29.2,76.6
122700,25.25,3.33,29.1,75.8
122760,25.31,3.33,29.1,75.5
122820,25.31,3.33,29.1,75.4
122880,25.37,3.33,29.1,75.5
122940,25.31,0,29.1,75.4
123000,25.37,0,29.1,75.4
123060,25.37,0,29.2,75.2
123120,25.37,0,29.2,75.3
123180,25.44,0,29.2,75
123240,25.44,0,29.2,75
123300,25.44,0,29.2,74.9
123360,25.44,0,29.2,74.9
123420,25.5,0,29.3,74.5
123480,25.5,0,29.2,74.5
123540,25.56,0,29.3,74.5
123600,25.56,0,29.3,74.2
123660,25.56,0,29.3,74.3
123720,25.56,0,29.3,74.2
123780,25.62,0,29.3,74.1
123840,25.56,0,29.4,74.2
123900,25.56,0,29.4,74
123960,25.62,0,29.4,73.8
124020,25.62,0,29.4,73.9
124080,25.62,0,29.4,73.9
124140,25.62,0,29.4,73.9
124200,25.62,0,29.4,74.1
124260,25.62,0,29.4,74
124320,25.62,0,29.4,73.9
124380,25.62,0,29.4,73.6
124440,25.62,0,29.4,73.7
124500,25.62,0,29.4,73.7
124560,25.62,0,29.4,73.7
124620,25.62,0,29.4,73.5
124680,25.62,0,29.4,73.6
124740,25.62,0,29.4,73.3
124800,25.62,0,29.4,73.3
124860,25.62,0,29.4,73.4
124920,25.56,0,29.3,73.4
124980,25.56,0,29.4,73.5
125040,25.56,0,29.4,73.4
125100,25.56,0,29.4,73.4
125160,25.62,0,29.4,73.3
125220,25.56,0,29.4,73.3
125280,25.62,0,29.4,73.4
125340,25.56,0,29.4,73.4
125400,25.62,0,29.4,73.5
125460,25.62,0,29.4,73.3
125520,25.69,0,29.4,73.4
125580,25.69,1.67,29.5,73.3
125640,25.69,1.67,29.5,73.3
125700,25.75,2.5,29.5,73.3
125760,25.75,2.5,29.5,72.9
125820,25.75,2.5,29.5,72.8
125880,25.75,2.5,29.5,72.7
125940,25.75,2.5,29.5,72.8
126000,25.75,2.5,29.5,72.7
126060,25.75,2.5,29.5,72.9
126120,25.75,2.5,29.5,72.8
126180,25.75,2.5,29.5,72.8
126240,25.75,2.5,29.5,72.8
126300,25.69,2.5,29.5,72.8
126360,25.75,2.5,29.5,72.8
126420,25.75,2.5,29.5,72.9
126480,25.75,2.5,29.5,72.9
126540,25.75,2.5,29.5,72.8
126600,25.81,2.5,29.5,72.8
126660,25.81,2.5,29.5,72.7
126720,25.81,0,29.5,72.6
126780,25.81,0,29.6,72.8
126840,25.75,0,29.6,73.1
126900,25.81,0,29.6,73.1
126960,25.81,0,29.6,73.9
127020,25.75,0,29.6,73.9
127080,25.75,0,29.6,73.8
127140,25.69,0,29.5,73.6
127200,25.69,0,29.5,73.8
127260,25.69,0,29.5,73.5
127320,25.69,0,29.5,73.5
127380,25.69,0,29.5,73.5
127440,25.75,0,29.5,73.6
127500,25.69,0,29.5,73.5
127560,25.75,0,29.5,73
127620,25.69,0,29.5,73.1
127680,25.69,0,29.5,73.7
127740,25.69,0,29.4,73.3
127800,25.62,0,29.4,73.7
127860,25.62,0,29.4,74.2
127920,25.5,0,29.4,74.6
127980,25.44,0,29.4,74.9
128040,25.37,0,29.3,75.3
128100,25.37,0,29.3,75.4
128160,25.37,0,29.3,76.2
128220,25.31,0,29.3,75.4
128280,25.31,0,29.3,76.1
128340,25.25,0,29.2,76.3
128400,25.31,0,29.2,76.1
128460,25.37,0,29.2,75.8
128520,25.31,0,29.2,76.4
128580,25.31,0,29.2,76.8
128640,25.31,0,29.2,76.7
128700,25.25,0,29.2,76.9
128760,25.25,0,29.2,76.1
128820,25.19,0,29.2,76.4
128880,25.31,0,29.1,76.1
128940,25.31,0,29.1,76.4
129000,25.31,0,29.1,76.5
129060,25.31,0,29.2,76.6
129120,25.25,0,29.1,76.8
129180,25.25,0,29.1,76.8
129240,25.19,0,29.1,77.7
129300,25.19,0,29.1,77.6
129360,25.19,0,29.1,77.1
129420,25.12,0,29.1,77.1
129480,25.12,0,29,77.6
129540,25.12,0,29.1,77.6
129600,25.06,0,29.1,77.5
129660,25.06,0,29,77.5
129720,25.12,0,29,78.1
129780,25.06,0,29,77.8
129840,25.12,0,29,77.2
129900,25.06,0,29,78.1
129960,25.06,0,29,78.1
130020,25.06,0,29,78.1
130080,25.06,0,29,77.7
130140,25.06,0,29,78.7
130200,25,0,28.9,77.4
130260,24.94,0,28.9,78.1
130320,24.94,0,28.9,78.4
130380,25,0,28.9,78.2
130440,25,0,28.9,78.5
130500,25,0,28.9,78.5
130560,25,0,28.9,78.8
130620,25.06,0,28.9,78.5
130680,25.06,0,28.9,78.8
130740,25.06,0,28.9,78.8
130800,25.06,0,28.9,78.6
130860,25.12,0,28.9,77.6
130920,25.12,0,28.9,77.9
130980,25.06,0,28.9,78
131040,25.12,0,28.9,77.8
131100,25.06,0,28.9,77.9
131160,25.12,0,28.9,77.9
131220,25.06,0,28.9,78.2
131280,25.06,0,28.9,78.4
131340,25,0,28.9,78.7
131400,25.06,0,28.9,78.1
131460,25.06,0,28.9,78.5
131520,25.06,0,28.9,78.5
131580,25.06,0,28.9,78
131640,25,0,28.9,78.1
131700,25.06,0,28.9,78.5
131760,25.06,0,28.9,78
131820,25,0,28.9,78.2
131880,25,0,28.9,78.5
131940,25,0,28.9,78.2
132000,25,0,28.9,78.2
132060,25.06,0,28.9,78.3
132120,25.06,0,28.9,78.3
132180,25,0,28.9,78.5
132240,24.94,0,28.9,78.2
132300,24.94,0,28.9,78.3
132360,24.94,0,28.9,78.4
132420,24.87,0,28.8,77.9
132480,24.94,0,28.8,77.8
132540,24.94,0,28.8,78.1
132600,24.94,0,28.8,78.1
132660,24.94,0,28.8,78.4
132720,24.94,0,28.8,78.9
132780,24.87,0,28.8,78.5
132840,24.87,0,28.8,78.7
132900,24.87,0,28.8,79
132960,24.87,0,28.8,79.3
133020,24.87,0,28.8,78.6
133080,24.87,0,28.8,79.1
133140,24.87,0,28.8,79.2
133200,24.87,0,28.8,78.4
133260,24.87,0,28.8,79.3
133320,24.87,0,28.8,78.8
133380,24.81,0,28.7,78.4
133440,24.81,0,28.7,79.2
133500,24.81,0,28.7,79.1
133560,24.81,0,28.7,79.5
133620,24.81,0,28.7,78.5
133680,24.81,0,28.7,78.9
133740,24.75,0,28.7,78.9
133800,24.75,0,28.6,78.7
133860,24.69,0,28.6,79
133920,24.62,0,28.6,79.1
133980,24.56,0,28.6,79.1
134040,24.56,0,28.6,79.1
134100,24.44,0,28.5,79.5
134160,24.5,0,28.5,80.3
134220,24.5,0,28.5,80
134280,24.5,0,28.5,79.1
134340,24.5,0,28.5,79.4
134400,24.5,0,28.4,80.1
134460,24.5,0,28.5,79.8
134520,24.5,0,28.5,80
134580,24.5,0,28.4,79.9
134640,24.44,0,28.4,79.7
134700,24.44,0,28.5,80.3
134760,24.5,0,28.4,79.9
134820,24.44,0,28.4,79.2
134880,24.5,0,28.4,79.4
134940,24.5,0,28.4,79.7
135000,24.56,0,28.5,79.5
135060,24.56,0,28.5,79.6
135120,24.62,0,28.5,79.6
135180,24.62,0,28.5,79.8
135240,24.62,0,28.5,79.9
135300,24.62,0,28.5,79.7
135360,24.69,0,28.5,79.4
135420,24.69,0,28.5,79.5
135480,24.69,0,28.5,79.7
135540,24.75,0,28.5,79.6
135600,24.75,0,28.6,79.2
135660,24.81,0,28.6,79.1
135720,24.81,0,28.6,79
135780,24.81,0,28.6,78.7
135840,24.81,0,28.6,78.8
135900,24.87,0,28.6,79.2
135960,24.87,0,28.6,78.4
136020,24.87,0,28.6,78.9
136080,24.87,0,28.6,78.9
136140,24.94,0,28.7,78.9
136200,24.94,0,28.7,78.8
136260,25,0,28.7,78.8
136320,25,0,28.7,78.2
136380,25,0,28.7,78.2
136440,25,0,28.8,78.3
136500,25,0,28.7,78.3
136560,25.06,0,28.7,78
136620,25.06,0,28.8,78.2
136680,25.12,0,28.8,78.1
136740,25.12,0,28.8,78.2
136800,25.12,0,28.8,77.7
136860,25.12,0,28.8,78.1
136920,25.12,0,28.8,77.8
136980,25.12,0,28.8,77.3
137040,25.12,0,28.8,77.8
137100,25.12,0,28.9,77.2
137160,25.12,0,28.8,77.1
137220,25.12,0,28.8,77.3
137280,25.12,0,28.9,77.4
137340,25.12,0,28.9,77.5
137400,25.19,0,28.9,77.5
137460,25.19,0,28.9,77.4
137520,25.19,0,28.9,77.5
137580,25.12,0,28.9,77
137640,25.12,0,28.9,77.3
137700,25.19,0,28.9,77.3
137760,25.19,0,28.9,77.3
137820,25.19,0,28.9,77.4
137880,25.19,0,28.9,77.3
137940,25.25,0,28.9,77.3
138000,25.25,0,28.9,77.3
138060,25.25,0,28.9,76.8
138120,25.19,0,28.9,76.5
138180,25.25,0,28.9,76.8
138240,25.25,0,29,76.9
138300,25.25,0,29,76.9
138360,25.25,0,29,76.8
138420,25.25,0,29,76.7
138480,25.25,0,29,76.6
138540,25.25,0,29,76.6
138600,25.25,0,29,76.5
138660,25.25,0,29,76.5
138720,25.25,0,29,76.6
138780,25.25,0,29,76.3
138840,25.25,0,29,76.7
138900,25.25,0,29,76.7
138960,25.25,0,29,76.5
139020,25.25,0,29,76.4
139080,25.25,0,29,76.7
139140,25.31,0,29,76.3
139200,25.25,0,29,76.2
139260,25.25,0,29,76.6
139320,25.25,0,29,76.5
139380,25.25,0,29,76.4
139440,25.25,0,29,76.5
139500,25.25,0,29,76.4
139560,25.25,0,29,76.4
139620,25.25,0,29,76.3
139680,25.25,0,29,76.2
139740,25.25,0,29,76.1
139800,25.25,0,29,76.3
139860,25.25,0,29,76.1
139920,25.25,0,29,76.3
139980,25.19,0,29,75.9
140040,25.25,0,29,76.1
140100,25.25,0,29,75.9
140160,25.25,0,29,75.9
140220,25.25,0,29,75.6
140280,25.25,0,29,75.6
140340,25.25,0,29,75.6
140400,25.25,0,29,75.5
140460,25.25,0,29,75.4
140520,25.25,0,29,75
140580,25.25,0,29,75.2
140640,25.25,0,29,75.2
140700,25.19,0,29,75.1
140760,25.19,0,29,75
140820,25.19,0,29,75
140880,25.19,0,29,74.7
140940,25.19,0,28.9,74.9
141000,25.12,0,28.9,75.2
141060,25.19,0,28.9,74.9
141120,25.19,0,29,74.8
141180,25.19,0,29,75
141240,25.19,0,28.9,74.8
141300,25.12,0,28.9,75
141360,25.19,0,28.9,74.8
141420,25.12,0,28.9,74.9
141480,25.12,0,28.9,75
141540,25.19,0,28.9,74.9
141600,25.19,0,28.9,74.8
141660,25.19,0,28.9,74.9
141720,25.12,0,28.9,75
141780,25.19,0,28.9,74.9
141840,25.19,0,29,74.7
141900,25.19,0,29,74.5
141960,25.19,0,28.9,74.7
142020,25.19,0,29,74.7
142080,25.25,0,29,74.7
142140,25.19,0,29,74.5
142200,25.19,0,29,74.5
142260,25.19,0,28.9,74.4
142320,25.19,0,29,74.7
142380,25.19,0,28.9,74.5
142440,25.25,0,29,74.4
142500,25.19,0,29,74.1
142560,25.19,0,28.9,74.2
142620,25.19,0,28.9,74.2
142680,25.19,0,28.9,74.1
142740,25.19,0,28.9,74.1
142800,25.19,0,28.9,74.3
142860,25.19,0,28.9,74.1
142920,25.19,0,28.9,74.2
142980,25.19,0,28.9,74
143040,25.19,0,28.9,74
143100,25.12,0,28.9,74.1
143160,25.12,0,28.9,74.3
143220,25.12,0,28.9,74.3
143280,25.19,0,28.9,74
143340,25.19,0,28.9,73.9
143400,25.19,0,28.9,74.1
143460,25.19,0,28.9,73.9
143520,25.19,0,28.8,73.9
143580,25.12,0,28.9,73.9
143640,25.12,0,28.9,74
143700,25.12,0,28.9,73.8
143760,25.12,0,28.9,73.7
143820,25.12,0,28.9,73.7
143880,25.12,0,28.9,73.7
143940,25.19,0,28.9,73.6
144000,25.19,0,28.9,73.5
144060,25.19,0,28.9,73.6
144120,25.19,0,28.9,73.7
144180,25.19,0,28.9,73.7
144240,25.19,0,28.9,73.8
144300,25.19,0,28.9,73.7
144360,25.19,0,29,73.4
144420,25.19,0,29,73.4
144480,25.19,0,29,73.3
144540,25.25,0,29,73.3
144600,25.25,0,29,73.2
144660,25.19,0,29,73.1
144720,25.19,0,29,73
144780,25.19,0,28.9,72.9
144840,25.19,0,28.9,73
144900,25.19,0,29,72.8
144960,25.19,0,29,72.9
145020,25.25,0,29,72.9
145080,25.19,0,29,72.8
145140,25.25,0,29,72.7
145200,25.25,0,29,72.7
145260,25.25,0,29,72.6
145320,25.25,0,29,72.6
145380,25.25,0,29,72.6
145440,25.25,0,29,72.5
145500,25.25,0,29,72.6
145560,25.19,0,29,72.6
145620,25.25,0,29,72.5
145680,25.25,0,29,72.5
145740,25.25,0,29,72.5
145800,25.25,0,29,72.4
145860,25.25,0,29,72.3
145920,25.25,0,29,72.3
145980,25.25,0,29,72.2
146040,25.25,0,29,72.2
146100,25.25,0,29,72.1
146160,25.25,0,29,72.2
146220,25.31,0,29,72.1
146280,25.25,0,29,72
146340,25.31,0,29,72
146400,25.31,0,29,71.9
146460,25.31,0,29,71.9
146520,25.31,0,29,71.9
146580,25.31,0,29,71.8
146640,25.25,0,29,71.9
146700,25.25,0,29,71.9
146760,25.25,0,29,71.9
146820,25.31,0,29,71.8
146880,25.25,0,29,71.8
146940,25.31,0,29,71.9
147000,25.25,0,29,71.9
147060,25.31,0,29,71.9
147120,25.31,0,29,71.7
147180,25.25,0,29,72.2
147240,25.25,0,29,71.9
147300,25.25,0,29,71.9
147360,25.25,0,29,72.1
147420,25.25,0,29,72.2
147480,25.19,0,29,72.2
147540,25.19,0,28.9,72.1
147600,25.19,0,29,72.1
147660,25.19,0,28.9,72.1
147720,25.19,0,28.9,72.2
147780,25.19,0,28.9,72.2
147840,25.19,0,28.9,72.1
147900,25.12,0,28.8,72.4
147960,25.06,0,28.8,72.5
148020,25.06,0,28.8,72.5
148080,25.12,0,28.9,72.4
148140,25.06,0,28.9,72.4
148200,25.12,0,28.9,72.4
148260,25.12,0,28.9,72.4
148320,25.12,0,28.9,72.3
148380,25.06,0,28.9,72.3
148440,25.06,0,28.9,72.3
148500,25.12,0,28.9,72.4
148560,25.12,0,28.9,72.3
148620,25.12,0,28.9,72.3
148680,25.12,0,28.9,72.2
148740,25.12,0,28.9,72.1
148800,25.12,0,28.9,72.1
148860,25.12,0,28.9,72.1
148920,25.12,0,28.9,72.2
148980,25.06,0,28.9,72.2
149040,25.06,0,28.8,72.2
149100,25.12,0,28.9,72.1
149160,25.12,0,28.9,72.1
149220,25.12,0,28.9,72
149280,25.12,0,28.9,71.8
149340,25.06,0,28.8,71.8
149400,25.06,0,28.9,72
149460,25.06,0,28.9,72
149520,25.12,0,28.9,72.1
149580,25.12,0,28.9,71.9
149640,25.06,0,28.9,71.8
149700,25.06,0,28.8,71.9
149760,25.06,0,28.9,71.9
149820,25.06,0,28.9,72
149880,25.06,0,28.9,72
149940,25.12,0,28.9,71.9
150000,25.12,0,28.9,71.8
150060,25.12,0,28.9,71.8
150120,25.12,0,28.9,71.7
150180,25.12,0,28.9,71.7
150240,25.12,0,28.9,71.6
150300,25.12,0,28.9,71.7
150360,25.12,0,28.9,71.7
150420,25.12,0,28.9,71.7
150480,25.12,0,28.9,71.8
150540,25.12,0,28.9,71.7
150600,25.19,0,28.9,71.5
150660,25.12,0,28.9,71.5
150720,25.06,0,28.9,71.6
150780,25.06,0,28.9,71.6
150840,25.12,0,28.9,71.5
150900,25.06,0,28.9,71.6
150960,25.06,0,28.9,71.5
151020,25.06,0,28.9,71.5
151080,25.06,0,28.9,71.4
151140,25.12,0,28.8,71.4
151200,25.06,0,28.9,71.4
151260,25.06,0,28.8,71.3
151320,25,0,28.9,71.5
151380,25,0,28.8,71.7
151440,25,0,28.8,71.6
151500,25,0,28.8,71.5
151560,25,0,28.8,71.6
151620,25,0,28.8,71.4
151680,25.06,0,28.8,71.5
151740,25.06,0,28.8,71.6
151800,25,0,28.8,71.6
151860,25,0,28.8,71.5
151920,25,0,28.8,71.6
151980,25,0,28.8,71.6
152040,25,0,28.8,71.7
152100,25,0,28.8,71.7
152160,25,0,28.8,71.6
152220,25,0,28.8,71.6
152280,25,0,28.8,71.5
152340,25.06,0,28.8,71.5
152400,25,0,28.8,71.4
152460,25.06,0,28.8,71.5
152520,25.06,0,28.8,71.6
152580,25.06,0,28.8,71.6
152640,25.06,0,28.8,71.4
152700,25,0,28.8,71.4
152760,25,0,28.8,71.5
152820,25,0,28.8,71.6
152880,25.06,0,28.8,71.7
152940,25,0,28.8,71.7
153000,25.06,0,28.8,71.7
153060,25,0,28.8,71.5
153120,25,0,28.8,71.4
153180,25,0,28.8,71.4
153240,25,0,28.8,71.4
153300,25.06,0,28.8,71.4
153360,25.06,0,28.8,71.3
153420,25,0,28.8,71.4
153480,25,0,28.8,71.4
153540,25,0,28.8,71.4
153600,25,0,28.8,71.3
153660,25,0,28.8,71.3
153720,25,0,28.8,71.4
153780,25,0,28.8,71.4
153840,25,0,28.8,71.4
153900,25.06,0,28.8,71.4
153960,25.06,0,28.8,71.3
154020,25.06,0,28.8,71.3
154080,25,0,28.8,71.3
154140,25.06,0,28.8,71.2
154200,25.06,0,28.8,71.3
154260,25.06,0,28.8,71.4
154320,25.06,0,28.8,71.4
154380,25.06,0,28.8,71.4
154440,25.06,0,28.8,71.4
154500,25.06,0,28.8,71.3
154560,25.06,0,28.8,71.4
154620,25.06,0,28.8,71.3
154680,25.12,0,28.8,71.2
154740,25.06,0,28.8,71.1
154800,25.06,0,28.8,71.2
154860,25.06,0,28.8,71.3
154920,25.06,0,28.8,71.4
154980,25.12,0,28.9,71.3
155040,25.12,0,28.9,71.3
155100,25.12,0,28.9,71.2
155160,25.12,0,28.9,71.3
155220,25.12,0,28.8,71.2
155280,25.12,0,28.9,71.2
155340,25.12,0,28.9,71.1
155400,25.12,0,28.9,71.1
155460,25.12,0,28.9,71.2
155520,25.12,0,28.8,71.2
155580,25.12,0,28.9,71.2
155640,25.12,0,28.9,71.2
155700,25.12,0,28.9,71.2
155760,25.12,0,28.9,71.1
155820,25.12,0,28.9,71.2
155880,25.12,0,28.9,71.1
155940,25.12,0,28.9,71.1
156000,25.12,0,28.9,71
156060,25.12,0,28.9,71.1
156120,25.06,0,28.9,71.2
156180,25.12,0,28.9,71.1
156240,25.12,0,28.9,71
156300,25.12,0,28.9,71
156360,25.12,0,28.9,71
156420,25.12,0,28.9,71.1
156480,25.12,0,28.9,71.1
156540,25.12,0,28.9,71
156600,25.12,0,28.9,71
156660,25.19,0,28.9,71
156720,25.12,0,28.9,71
156780,25.12,0,28.9,71
156840,25.12,0,28.9,70.9
156900,25.12,0.83,28.8,71.1
156960,25.06,0.83,28.8,71.1
157020,25.12,0.83,28.9,70.9
157080,25.12,1.67,28.9,71
157140,25.06,2.5,28.8,71.1
157200,25.06,3.33,28.8,70.9
157260,25,4.17,28.8,70.9
157320,25.06,5,28.8,71
157380,25.06,5.83,28.8,71
157440,25.06,7.5,28.8,71
157500,25.06,9.17,28.8,71
157560,25.06,11.67,28.8,71
157620,25.06,13.33,28.8,71
157680,25.06,15.83,28.8,71
157740,25.06,20,28.8,71.1
157800,25.06,24.17,28.8,71
157860,25.06,30,28.8,71
157920,25.06,35.83,28.8,71
157980,25.12,41.67,28.8,70.9
158040,25.06,49.17,28.8,71
158100,25.12,56.67,28.8,71
158160,25.12,65.83,28.8,71
158220,25.12,75,28.8,70.9
158280,25.06,84.17,28.8,70.8
158340,25.06,92.5,28.8,70.9
158400,25.06,100.83,28.8,70.9
158460,25.12,110,28.8,70.8
158520,25.12,120,28.8,70.8
158580,25.12,130,28.8,70.8
158640,25.12,140,28.8,70.8
158700,25.12,150,28.8,70.8
158760,25.12,160,28.8,70.8
158820,25.12,170.83,28.8,70.8
158880,25.12,181.67,28.8,70.8
158940,25.12,193.33,28.8,70.8
159000,25.12,206.67,28.8,70.8
159060,25.12,220.83,28.8,70.8
159120,25.12,235,28.8,70.8
159180,25.12,248.33,28.8,70.9
159240,25.12,262.5,28.8,70.9
159300,25.12,275.83,28.8,70.9
159360,25.12,289.17,28.8,70.9
159420,25.12,304.17,28.8,70.8
159480,25.12,320.83,28.8,70.8
159540,25.19,338.33,28.8,70.9
159600,25.19,354.17,28.8,70.9
159660,25.12,367.5,28.8,70.9
159720,25.12,379.17,28.8,71
159780,25.19,390,28.8,71
159840,25.19,400,28.8,71
159900,25.19,412.5,28.8,71
159960,25.19,431.67,28.8,70.9
160020,25.25,450.83,28.8,70.9
160080,25.19,455.83,28.9,70.9
160140,25.19,441.67,28.9,70.9
160200,25.25,406.67,28.9,70.8
160260,25.25,366.67,28.9,70.8
160320,25.25,331.67,28.9,70.8
160380,25.25,337.5,28.9,70.7
160440,25.25,363.33,28.9,70.6
160500,25.31,403.33,28.9,70.7
160560,25.31,398.33,28.9,70.8
160620,25.31,430,28.9,70.9
160680,25.31,462.5,28.9,70.8
160740,25.31,480,28.9,70.8
160800,25.37,525,29,70.7
160860,25.37,515.83,29,70.6
160920,25.44,510,29,70.6
160980,25.37,512.5,29,70.6
161040,25.44,505,29,70.6
161100,25.44,503.33,29,70.5
161160,25.44,495,29,70.5
161220,25.44,508.33,29,70.5
161280,25.44,554.17,29,70.4
161340,25.44,592.5,29,70.5
161400,25.44,604.17,29,70.4
161460,25.5,593.33,29.1,70.4
161520,25.5,545,29.1,70.5
161580,25.56,525,29.1,70.4
161640,25.56,583.33,29.1,70.3
161700,25.56,625,29.1,70.3
161760,25.56,688.33,29.1,70.3
161820,25.56,717.5,29.1,70.3
161880,25.56,746.67,29.1,70.3
161940,25.62,729.17,29.1,70.3
162000,25.62,713.33,29.2,70.3
162060,25.62,726.67,29.2,70.2
162120,25.62,732.5,29.2,70.2
162180,25.62,750.83,29.2,70.3
162240,25.69,777.5,29.2,70.3
162300,25.69,768.33,29.2,70.3
162360,25.69,783.33,29.2,70
162420,25.69,792.5,29.2,70.1
162480,25.69,773.33,29.2,70
162540,25.69,795,29.2,70
162600,25.69,884.17,29.2,70.1
162660,25.69,957.5,29.3,70.1
162720,25.75,997.5,29.3,70
162780,25.75,988.33,29.3,70
162840,25.75,949.17,29.3,70
162900,25.81,825.83,29.3,70.1
162960,25.81,825.83,29.3,70
163020,25.81,785.83,29.3,69.9
163080,25.81,825,29.3,69.9
163140,25.81,845.83,29.3,69.8
163200,25.81,838.33,29.3,69.8
163260,25.81,830,29.4,69.8
163320,25.81,807.5,29.4,69.8
163380,25.81,790.83,29.4,69.6
163440,25.81,797.5,29.3,69.5
163500,25.75,823.33,29.4,69.6
163560,25.75,855.83,29.4,69.6
163620,25.81,892.5,29.4,69.7
163680,25.81,937.5,29.4,69.7
163740,25.81,1005,29.4,69.6
163800,25.81,1088.33,29.4,69.6
163860,25.81,1171.67,29.4,69.5
163920,25.87,1248.33,29.4,69.5
163980,25.87,1301.67,29.4,69.6
164040,25.81,1338.33,29.4,69.5
164100,25.87,1369.17,29.4,69.5
164160,25.87,1414.17,29.4,69.4
164220,25.94,1483.33,29.4,69.3
164280,26,1588.33,29.5,69.2
164340,26,1720.83,29.5,69.1
164400,26.06,1854.17,29.5,69.1
164460,26.06,1980.83,29.5,69.1
164520,26.12,2082.5,29.6,69
164580,26.19,2136.67,29.7,68.8
164640,26.31,2117.5,29.7,68.7
164700,26.37,2062.5,29.7,68.5
164760,26.44,2014.17,29.8,68.4
164820,26.44,1939.17,29.8,68.2
164880,26.44,1929.17,29.8,68.2
164940,26.44,1965.83,29.8,68
165000,26.5,1925.83,29.8,67.9
165060,26.5,1721.67,29.9,68.1
165120,26.56,1340.83,29.9,68
165180,26.56,1073.33,29.9,68
165240,26.44,1003.33,29.8,67.9
165300,26.37,1038.33,29.8,68.2
165360,26.25,1070.83,29.8,68.4
165420,26.25,1139.17,29.8,68.6
165480,26.25,1252.5,29.8,68.6
165540,26.25,1302.5,29.8,68.7
165600,26.19,1306.67,29.8,68.7
165660,26.25,1328.33,29.7,68.7
165720,26.25,1352.5,29.8,68.7
165780,26.31,1370,29.8,68.7
165840,26.25,1381.67,29.8,68.7
165900,26.31,1390.83,29.8,68.6
165960,26.31,1392.5,29.8,68.6
166020,26.31,1377.5,29.8,68.6
166080,26.31,1340,29.8,68.6
166140,26.37,1299.17,29.8,68.6
166200,26.37,1278.33,29.8,68.6
166260,26.31,1257.5,29.8,68.6
166320,26.31,1225.83,29.8,68.6
166380,26.31,1170.83,29.8,68.6
166440,26.25,1135.83,29.8,68.5
166500,26.25,1107.5,29.8,68.6
166560,26.25,1077.5,29.8,68.6
166620,26.31,1035.83,29.8,68.7
166680,26.25,975.83,29.8,68.7
166740,26.25,945.83,29.7,68.7
166800,26.25,880.83,29.7,68.8
166860,26.19,884.17,29.7,68.7
166920,26.19,919.17,29.7,68.8
166980,26.19,935,29.7,68.8
167040,26.19,970,29.7,68.8
167100,26.12,1013.33,29.7,68.9
167160,26.12,1095,29.7,68.9
167220,26.12,1240,29.7,68.7
167280,26.12,1440.83,29.7,68.6
167340,26.19,1581.67,29.7,68.7
167400,26.25,1645.83,29.7,68.7
167460,26.25,1653.33,29.7,68.6
167520,26.25,1654.17,29.7,68.7
167580,26.25,1665.83,29.8,68.7
167640,26.31,1626.67,29.8,68.5
167700,26.31,1545,29.8,68.7
167760,26.31,1429.17,29.8,68.6
167820,26.31,1293.33,29.8,68.6
167880,26.31,1176.67,29.8,68.6
167940,26.31,1129.17,29.8,68.6
168000,26.31,1130.83,29.8,68.6
168060,26.31,1132.5,29.8,68.5
168120,26.31,1147.5,29.8,68.5
168180,26.31,1167.5,29.8,68.5
168240,26.31,1162.5,29.8,68.6
168300,26.25,1159.17,29.8,68.6
168360,26.31,1152.5,29.8,68.5
168420,26.31,1140.83,29.8,68.5
168480,26.25,1128.33,29.8,68.6
168540,26.25,1116.67,29.8,68.7
168600,26.25,1105.83,29.8,68.6
168660,26.25,1104.17,29.8,68.7
168720,26.25,1125.83,29.8,68.7
168780,26.25,1175,29.8,68.7
168840,26.25,1238.33,29.8,68.7
168900,26.25,1289.17,29.8,68.8
168960,26.25,1326.67,29.8,68.8
169020,26.31,1408.33,29.8,68.8
169080,26.31,1486.67,29.8,68.7
169140,26.31,1499.17,29.8,68.7
169200,26.31,1409.17,29.8,68.6
169260,26.31,1255,29.8,68.6
169320,26.31,1165.83,29.8,68.6
169380,26.31,1091.67,29.8,68.6
169440,26.37,1072.5,29.8,68.6
169500,26.31,1035.83,29.8,68.8
169560,26.31,1007.5,29.8,68.6
169620,26.25,1008.33,29.8,68.6
169680,26.25,1014.17,29.8,68.6
169740,26.25,1046.67,29.8,68.6
169800,26.25,1035,29.8,68.6
169860,26.25,1035,29.8,68.9
169920,26.19,1023.33,29.7,68.9
169980,26.12,1020,29.7,69.1
170040,26.19,1040.83,29.7,68.8
170100,26.12,1063.33,29.7,69
170160,26.12,1084.17,29.7,69.2
170220,26.12,1093.33,29.7,69.2
170280,26.19,1092.5,29.7,69.2
170340,26.19,1091.67,29.7,69
170400,26.19,1084.17,29.7,69.1
170460,26.19,1092.5,29.7,69.1
170520,26.19,1117.5,29.7,69.1
170580,26.25,1159.17,29.8,69.1
170640,26.25,1197.5,29.8,69
170700,26.25,1216.67,29.8,69
170760,26.25,1245,29.8,69
170820,26.31,1242.5,29.8,68.9
170880,26.31,1245.83,29.9,68.9
170940,26.31,1252.5,29.9,68.8
171000,26.31,1292.5,29.9,68.8
171060,26.31,1327.5,29.9,68.8
171120,26.37,1395,30,68.7
171180,26.37,1404.17,30,68.7
171240,26.44,1355,30,68.6
171300,26.44,1350,30,68.6
171360,26.5,1405,30,68.6
171420,26.5,1540,30.1,68.5
171480,26.5,1699.17,30.1,68.4
171540,26.56,1898.33,30.1,68.5
171600,26.56,2243.33,30.1,68.4
171660,26.69,2623.33,30.2,68.3
171720,26.81,2723.33,30.2,68.1
171780,26.87,2804.17,30.2,67.9
171840,26.94,2939.17,30.3,67.8
171900,27,2955.83,30.3,67.9
171960,27.06,2702.5,30.4,67.7
172020,27.12,2529.17,30.4,67.6
172080,27.12,2574.17,30.5,67.4
172140,27.12,2746.67,30.5,67.5
172200,27.12,2724.17,30.5,67.5
172260,27.19,2650.83,30.5,67.6
172320,27.25,2613.33,30.5,67.7
172380,27.31,2700.83,30.6,67.8
172440,27.31,2920,30.6,67.9
172500,27.37,3010.83,30.6,67.9
172560,27.37,3304.17,30.7,67.7
172620,27.44,3455,30.7,67.7
172680,27.56,3447.5,30.8,67.4
172740,27.56,3365,30.8,67.3
172800,27.62,3244.17,30.8,67.3
172860,27.62,3174.17,30.8,67.4
172920,27.62,3250,30.9,67.3
172980,27.62,3375,30.9,67.3
173040,27.62,3238.33,30.9,66.9
173100,27.62,2808.33,30.9,66.7
173160,27.69,2668.33,31,66.9
173220,27.62,2323.33,30.9,66.7
173280,27.56,2088.33,31,66.9
173340,27.5,1898.33,30.9,66.8
173400,27.44,1811.67,30.9,66.8
173460,27.37,1875,30.9,66.9
173520,27.25,1899.17,30.8,67
173580,27.19,2032.5,30.8,67.1
173640,27.19,2220,30.8,67.2
173700,27.25,2310,30.8,67.1
173760,27.25,2369.17,30.8,67.1
173820,27.31,2581.67,30.8,67.1
173880,27.31,2595,30.9,67.2
173940,27.37,2689.17,30.8,67.1
174000,27.44,2785.83,30.9,67.1
174060,27.44,2718.33,30.9,67
174120,27.44,2745,30.9,67
174180,27.5,2698.33,30.9,67
174240,27.5,3065.83,30.9,67
174300,27.5,3173.33,30.9,67
174360,27.56,3171.67,30.9,67
174420,27.56,2880.83,30.9,67
174480,27.56,2873.33,31,66.9
174540,27.56,2975,31,67
174600,27.62,3296.67,31,67.1
174660,27.69,3400,31,67
174720,27.62,3762.5,31,66.8
174780,27.69,3715,31.1,66.9
174840,27.75,4070.83,31.1,66.9
174900,27.87,4083.33,31.1,66.7
174960,27.94,4066.67,31.2,66.6
175020,27.94,4354.17,31.2,66.5
175080,28.06,4500,31.2,66.4
175140,28.06,4565,31.2,66.4
175200,28,4176.67,31.3,66.3
175260,28.06,4412.5,31.3,66.2
175320,28.06,4013.33,31.3,66.1
175380,28.19,4533.33,31.4,66
175440,28.19,4741.67,31.4,65.9
175500,28.25,4759.17,31.4,65.9
175560,28.37,4566.67,31.5,65.8
175620,28.44,4718.33,31.5,65.7
175680,28.5,4778.33,31.6,65.6
175740,28.44,4655,31.6,65.5
175800,28.56,4721.67,31.6,65.5
175860,28.62,4733.33,31.7,65.3
175920,28.62,4380,31.7,65
175980,28.56,4403.33,31.7,65
176040,28.5,4800.83,31.7,64.9
176100,28.5,4839.17,31.7,64.9
176160,28.56,5051.67,31.8,64.8
176220,28.62,5645.83,31.8,64.8
176280,28.69,5763.33,31.8,64.7
176340,28.81,5340,31.9,64.6
176400,28.87,5350.83,32,64.4
176460,28.94,4983.33,32,64.3
176520,28.94,5508.33,32,64.2
176580,28.87,5180.83,32,64.2
176640,29,5527.5,32.1,64.2
176700,29.06,5524.17,32.1,64
176760,29.19,6130.83,32.2,63.8
176820,29.25,5259.17,32.3,63.6
176880,29.31,6506.67,32.4,63.5
176940,29.31,7900.83,32.4,63.3
177000,29.5,7904.17,32.5,63
177060,29.75,5749.17,32.7,62.7
177120,29.81,5746.67,32.8,62.4
177180,29.94,5754.17,32.8,62.1
177240,29.87,5833.33,32.9,61.9
177300,29.94,6656.67,32.9,62
177360,30.06,5597.5,32.9,61.8
177420,29.94,5688.33,33,61.9
177480,29.94,5157.5,33,61.8
177540,29.94,5323.33,33,61.6
177600,29.94,3888.33,33,61.7
177660,30,3248.33,33,61.7
177720,29.87,3527.5,33,61.7
177780,29.81,5365,33,61.6
177840,29.81,5456.67,33,61.5
177900,29.87,4957.5,33,61.4
177960,29.81,4597.5,33,61.3
178020,29.81,4176.67,33,61.5
178080,29.75,5119.17,33,61.4
178140,29.62,5356.67,32.9,61.7
178200,29.62,4758.33,32.9,61.7
178260,29.62,3860.83,32.9,61.8
178320,29.56,3965.83,32.9,61.8
178380,29.44,3747.5,32.8,61.9
178440,29.31,4162.5,32.7,62.1
178500,29.31,5866.67,32.7,62
178560,29.25,5606.67,32.7,62
178620,29.37,6416.67,32.7,62.2
178680,29.5,5390.83,32.7,62.2
178740,29.69,3150.83,32.7,62.3
178800,29.62,2955.83,32.7,62.3
178860,29.5,3926.67,32.7,62.4
178920,29.5,5621.67,32.7,62.2
178980,29.5,5930.83,32.7,62.3
179040,29.62,6544.17,32.8,62.4
179100,29.75,7265.83,32.9,61.9
179160,29.81,7604.17,32.9,61.5
179220,30,7800,33,61.6
179280,30.19,7107.5,33.1,61.2
179340,30.31,6224.17,33.2,61
179400,30.31,7582.5,33.2,60.8
179460,30.25,8447.5,33.4,60.9
179520,30.56,8333.33,33.5,60.5
179580,30.75,9186.67,33.6,60.1
179640,30.87,9035.83,33.7,59.9
179700,31.06,8493.33,33.8,59.3
179760,31.12,7935,34,59.2
179820,31.31,7821.67,34.1,59
179880,31.37,7777.5,34.2,58.6
179940,31.37,7745,34.3,58.3
180000,31.44,7610,34.4,58.3
180060,31.56,6931.67,34.4,57.9
180120,31.62,7040,34.5,57.4
180180,31.44,6948.33,34.5,57.9
180240,31.5,6564.17,34.5,57.5
180300,31.5,5115.83,34.5,57.9
180360,31.44,4679.17,34.5,57.9
180420,31.25,4107.5,34.4,57.9
180480,31.12,3916.67,34.3,58.3
180540,31,3508.33,34.2,58.3
180600,30.69,3484.17,34,58.2
180660,30.5,3559.17,33.9,58.9
180720,30.44,3420.83,33.9,59.1
180780,30.37,3164.17,33.8,59.1
180840,30.19,2658.33,33.7,59.4
180900,30.06,2706.67,33.6,59.7
180960,29.94,2633.33,33.5,60
181020,29.94,2540,33.5,60.4
181080,29.81,2400.83,33.4,60.4
181140,29.69,2300,33.3,60.6
181200,29.62,2237.5,33.2,60.8
181260,29.44,2342.5,33.1,60.7
181320,29.31,2264.17,33,61.1
181380,29.31,1848.33,33,61.2
181440,29.19,1748.33,32.9,61.6
181500,29.12,1429.17,32.8,62.2
181560,28.94,1321.67,32.8,62.7
181620,28.87,1323.33,32.7,62.8
181680,28.75,1360.83,32.6,62.9
181740,28.62,1334.17,32.5,62.5
181800,28.5,1127.5,32.4,63.2
181860,28.44,1191.67,32.3,63.2
181920,28.31,1259.17,32.2,63.4
181980,28.25,1331.67,32.1,63.6
182040,28.19,1317.5,32.1,63.8
182100,28.12,1368.33,32,63.5
182160,28.06,1291.67,31.9,64
182220,28,1287.5,31.9,64
182280,27.94,1318.33,31.8,64.3
182340,27.94,1257.5,31.8,64.7
182400,27.94,1133.33,31.7,64.8
182460,27.87,1303.33,31.7,64.7
182520,27.87,1390,31.6,64.7
182580,27.81,1492.5,31.5,64.9
182640,27.75,1473.33,31.5,65.4
182700,27.75,1331.67,31.5,65.2
182760,27.75,1381.67,31.5,65.5
182820,27.75,1754.17,31.5,65.3
182880,27.75,1545,31.5,65.5
182940,27.75,1422.5,31.4,65.6
183000,27.75,1416.67,31.4,65.4
183060,27.69,1266.67,31.4,66.3
183120,27.69,1266.67,31.4,66.4
183180,27.69,1375.83,31.3,65.8
183240,27.69,1090,31.3,66.1
183300,27.62,1381.67,31.3,66.3
183360,27.69,1635,31.3,66.3
183420,27.69,1680.83,31.3,66.1
183480,27.62,1754.17,31.2,66
183540,27.62,1900,31.2,66.1
183600,27.62,2147.5,31.2,66.2
183660,27.62,2270,31.2,66.1
183720,27.62,2200.83,31.2,66.1
183780,27.69,2037.5,31.3,66.4
183840,27.69,2070,31.3,66.3
183900,27.69,2195,31.2,65.8
183960,27.62,2355.83,31.2,66.1
184020,27.69,2454.17,31.3,66.4
184080,27.75,2520.83,31.3,66.1
184140,27.81,2588.33,31.3,66.1
184200,27.87,2720,31.4,66
184260,27.94,2824.17,31.4,66
184320,28,2826.67,31.4,65.7
184380,28.06,2695,31.4,65.8
184440,28.06,2715.83,31.5,65.9
184500,28.12,2819.17,31.5,65.9
184560,28.19,3258.33,31.5,65.7
184620,28.25,3586.67,31.6,65.6
184680,28.31,3624.17,31.6,65.3
184740,28.31,3378.33,31.7,65.2
184800,28.37,3196.67,31.7,65.1
184860,28.44,3231.67,31.8,64.9
184920,28.31,3285,31.8,64.7
184980,28.37,3360,31.8,64.8
185040,28.5,3380,31.9,64.7
185100,28.56,3344.17,31.9,64.7
185160,28.62,3521.67,31.9,64.6
185220,28.69,3404.17,31.9,64.4
185280,28.69,3418.33,32,64.4
185340,28.69,3235,32,64.4
185400,28.75,2289.17,32,64.4
185460,28.75,1944.17,32,64.2
185520,28.62,1841.67,32,64.3
185580,28.62,1800.83,32,64.2
185640,28.56,2137.5,32,64.3
185700,28.5,2101.67,32,64.4
185760,28.5,2168.33,32,64.4
185820,28.44,2147.5,31.9,64.3
185880,28.37,2418.33,31.9,64.6
185940,28.37,2507.5,31.9,64.6
186000,28.37,2555.83,32,64.5
186060,28.44,2492.5,31.9,64.6
186120,28.44,2258.33,32,64.6
186180,28.44,1834.17,32,64.3
186240,28.44,1414.17,31.9,64.5
186300,28.31,1152.5,31.9,64.8
186360,28.31,982.5,31.9,64.6
186420,28.25,852.5,31.8,64.9
186480,28.19,796.67,31.8,64.9
186540,28.06,895.83,31.7,65
186600,28,1131.67,31.7,65.1
186660,28.06,1427.5,31.7,65.2
186720,28,1600,31.7,65.1
186780,28,1516.67,31.6,65.2
186840,28,1416.67,31.6,65.2
186900,27.87,1270,31.6,65.4
186960,27.87,1207.5,31.5,65.5
187020,27.87,1200.83,31.5,65.5
187080,27.81,1442.5,31.5,65.6
187140,27.81,1348.33,31.4,65.2
187200,27.69,1226.67,31.4,65.4
187260,27.69,1158.33,31.4,65.7
187320,27.69,1080.83,31.4,65.9
187380,27.69,926.67,31.3,66.1
187440,27.69,814.17,31.3,65.9
187500,27.62,776.67,31.3,66.1
187560,27.62,740.83,31.3,65.9
187620,27.56,695.83,31.3,65.9
187680,27.5,673.33,31.2,66
187740,27.5,676.67,31.2,66.2
187800,27.44,706.67,31.2,66.4
187860,27.44,675.83,31.2,66.7
187920,27.44,676.67,31.1,66.9
187980,27.37,768.33,31.1,66.8
188040,27.31,780.83,31.1,66.8
188100,27.31,753.33,31.1,66.8
188160,27.25,719.17,31.1,67
188220,27.25,745,31,66.8
188280,27.25,810,31,67
188340,27.25,893.33,31,66.9
188400,27.25,1011.67,31,66.9
188460,27.25,1023.33,31,66.7
188520,27.31,1105,31,66.8
188580,27.31,1231.67,31,66.8
188640,27.31,1425.83,31,67
188700,27.31,1536.67,31,66.9
188760,27.37,1564.17,31,66.9
188820,27.44,1341.67,31,66.7
188880,27.44,1111.67,31.1,66.6
188940,27.44,1072.5,31.1,66.9
189000,27.44,920,31.1,67
189060,27.37,874.17,31.1,66.9
189120,27.44,908.33,31,66.8
189180,27.37,1081.67,31.1,66.7
189240,27.37,1255.83,31.1,66.7
189300,27.37,1240.83,31,66.7
189360,27.37,995.83,31,66.8
189420,27.44,832.5,31,66.9
189480,27.44,783.33,31.1,66.8
189540,27.37,895.83,31.1,66.9
189600,27.37,980,31,66.9
189660,27.31,960,31,67
189720,27.31,956.67,30.9,67
189780,27.31,1031.67,31,67
189840,27.31,1040.83,31,66.9
189900,27.31,979.17,30.9,66.5
189960,27.31,864.17,31,66.6
190020,27.31,755.83,30.9,66.6
190080,27.31,720.83,30.9,66.6
190140,27.25,710,30.9,66.8
190200,27.25,730.83,30.9,66.7
190260,27.25,857.5,30.9,66.7
190320,27.25,1006.67,30.9,66.7
190380,27.25,1029.17,30.9,66.7
190440,27.19,1036.67,30.8,66.6
190500,27.19,1094.17,30.9,66.7
190560,27.19,1084.17,30.9,66.7
190620,27.19,1188.33,30.9,66.7
190680,27.19,1256.67,30.9,66.5
190740,27.19,1335,30.8,66.6
190800,27.25,1510,30.8,66.7
190860,27.25,1603.33,30.8,66.7
190920,27.25,1530.83,30.9,66.6
190980,27.25,1445,30.9,66.5
191040,27.25,1502.5,30.9,66.6
191100,27.31,1688.33,30.9,66.3
191160,27.37,1880.83,30.9,66.5
191220,27.44,2064.17,30.9,66.4
191280,27.5,2039.17,31,66.3
191340,27.56,2075,31,66.1
191400,27.56,1915.83,31,65.9
191460,27.56,1685,31.1,65.9
191520,27.56,1527.5,31.1,65.9
191580,27.62,1252.5,31.1,65.8
191640,27.62,1020,31.1,65.8
191700,27.62,1110.83,31.1,65.6
191760,27.56,1206.67,31.1,65.7
191820,27.56,1123.33,31.1,65.9
191880,27.56,1158.33,31.1,65.9
191940,27.5,1125.83,31.1,65.9
192000,27.44,1227.5,31.1,65.9
192060,27.5,1145,31.1,65.9
192120,27.5,1206.67,31.1,65.7
192180,27.5,1298.33,31.1,65.7
192240,27.44,1469.17,31,65.6
192300,27.44,1557.5,31,65.9
192360,27.44,1687.5,31.1,65.7
192420,27.5,1792.5,31.1,65.8
192480,27.5,1652.5,31.1,65.7
192540,27.56,1417.5,31.1,65.7
192600,27.56,1214.17,31.1,65.8
192660,27.62,1102.5,31.1,65.9
192720,27.56,1155.83,31.1,65.9
192780,27.56,1219.17,31.1,65.9
192840,27.5,1205,31.1,65.9
192900,27.5,1224.17,31.1,66
192960,27.5,1217.5,31.1,66.1
193020,27.5,1218.33,31.1,66.2
193080,27.44,1098.33,31.1,66.5
193140,27.44,1150.83,31.1,66.6
193200,27.44,1059.17,31.1,66.4
193260,27.37,950.83,31,66.4
193320,27.37,941.67,31,66.5
193380,27.31,940.83,31,66.5
193440,27.31,923.33,31,66.6
193500,27.25,894.17,31,66.6
193560,27.31,950,31,66.5
193620,27.31,1045.83,30.9,66.6
193680,27.31,1090.83,30.9,66.5
193740,27.31,1160.83,30.9,66.7
193800,27.31,1167.5,30.9,66.6
193860,27.25,1110,30.9,66.8
193920,27.31,1008.33,30.9,66.7
193980,27.25,1033.33,30.9,66.7
194040,27.31,1125,30.9,66.8
194100,27.31,1375.83,30.9,66.8
194160,27.31,1650,31,66.7
194220,27.37,1715.83,31,66.6
194280,27.37,1791.67,31,66.6
194340,27.44,2091.67,31,66.6
194400,27.44,2448.33,31,66.5
194460,27.5,2795.83,31.1,66.5
194520,27.62,2901.67,31.1,66.3
194580,27.75,2995.83,31.2,66.1
194640,27.87,3052.5,31.2,65.9
194700,27.87,2985.83,31.3,65.7
194760,28,2765.83,31.3,65.6
194820,28,2625.83,31.4,65.5
194880,28,2643.33,31.4,65.3
194940,28.06,2590,31.5,65.2
195000,28.12,2320.83,31.5,65.1
195060,28.12,2003.33,31.5,65.2
195120,28.06,1712.5,31.5,65
195180,28.06,1683.33,31.6,65.1
195240,28.06,1644.17,31.6,65.2
195300,28,1651.67,31.6,65.1
195360,28,1489.17,31.6,65.1
195420,28,1449.17,31.5,65.1
195480,27.94,1435,31.5,65.1
195540,27.87,1447.5,31.4,65.2
195600,27.75,1408.33,31.4,65.2
195660,27.75,1337.5,31.4,65.3
195720,27.69,1235,31.3,65.4
195780,27.69,1149.17,31.3,65.5
195840,27.69,1189.17,31.3,65.6
195900,27.62,1178.33,31.3,65.6
195960,27.62,1131.67,31.3,65.6
196020,27.56,1085.83,31.2,65.7
196080,27.56,1066.67,31.2,65.7
196140,27.56,1056.67,31.2,65.7
196200,27.5,1005.83,31.2,65.7
196260,27.5,1033.33,31.1,65.8
196320,27.44,975.83,31.2,65.9
196380,27.5,912.5,31.1,65.9
196440,27.5,1008.33,31.1,66
196500,27.44,979.17,31.1,66.1
196560,27.44,908.33,31.1,66.1
196620,27.44,844.17,31.1,66.2
196680,27.37,905,31.1,66.2
196740,27.37,863.33,31,66.3
196800,27.31,805.83,31,66.4
196860,27.31,678.33,31,66.4
196920,27.31,508.33,31,66.4
196980,27.25,409.17,30.9,66.6
197040,27.19,450.83,30.9,66.8
197100,27.12,510,30.8,66.8
197160,27.12,510.83,30.8,67
197220,27.12,463.33,30.8,67
197280,27.06,418.33,30.8,67.1
197340,27,345,30.8,67.2
197400,27.06,315.83,30.7,67.2
197460,27,329.17,30.7,67.4
197520,27,320,30.7,67.5
197580,26.94,315.83,30.7,67.5
197640,26.94,308.33,30.7,67.5
197700,26.94,308.33,30.6,67.6
197760,26.87,315.83,30.6,67.7
197820,26.87,319.17,30.6,67.7
197880,26.87,325.83,30.6,67.8
197940,26.81,360.83,30.6,68
198000,26.81,392.5,30.5,67.9
198060,26.81,374.17,30.5,68.1
198120,26.81,377.5,30.6,68.1
198180,26.87,426.67,30.6,68.1
198240,26.87,500.83,30.6,68
198300,26.87,532.5,30.6,68.1
198360,26.87,540.83,30.6,68
198420,26.87,572.5,30.6,68
198480,26.87,534.17,30.6,67.9
198540,26.87,510.83,30.6,68.2
198600,26.87,465,30.5,68.1
198660,26.87,445.83,30.5,68
198720,26.87,429.17,30.5,68
198780,26.87,405.83,30.5,68
198840,26.81,380,30.5,68
198900,26.81,355.83,30.5,68
198960,26.81,335.83,30.5,68
199020,26.81,321.67,30.5,68.1
199080,26.81,300,30.5,68.1
199140,26.81,260,30.5,68.2
199200,26.81,236.67,30.5,68.2
199260,26.81,210,30.5,68.2
199320,26.81,175,30.5,68.3
199380,26.81,114.17,30.5,68.2
199440,26.81,105,30.5,68.3
199500,26.75,108.33,30.5,68.3
199560,26.75,108.33,30.5,68.3
199620,26.75,117.5,30.5,68.3
199680,26.69,120,30.5,68.4
199740,26.75,108.33,30.5,68.4
199800,26.75,111.67,30.4,68.5
199860,26.69,107.5,30.4,68.5
199920,26.69,101.67,30.4,68.6
199980,26.69,97.5,30.4,68.5
200040,26.69,89.17,30.4,68.5
200100,26.62,88.33,30.4,68.6
200160,26.62,85,30.4,68.7
200220,26.62,75,30.4,68.6
200280,26.62,70,30.4,68.8
200340,26.62,65,30.4,68.8
200400,26.62,60,30.3,68.7
200460,26.62,60,30.3,68.9
200520,26.56,64.17,30.3,68.9
200580,26.56,65.83,30.3,69
200640,26.56,64.17,30.3,69
200700,26.56,60,30.3,69
200760,26.5,60,30.3,69.1
200820,26.5,57.5,30.3,69.1
200880,26.5,55.83,30.2,69.3
200940,26.5,55.83,30.2,69.4
201000,26.5,54.17,30.2,69.4
201060,26.5,50.83,30.2,69.3
201120,26.5,46.67,30.2,69.4
201180,26.5,42.5,30.2,69.4
201240,26.5,39.17,30.2,69.4
201300,26.5,35,30.2,69.5
201360,26.5,28.33,30.2,69.5
201420,26.44,24.17,30.2,69.6
201480,26.44,23.33,30.2,69.6
201540,26.44,20.83,30.2,69.6
201600,26.44,16.67,30.2,69.7
201660,26.44,10,30.2,69.6
201720,26.44,8.33,30.2,69.7
201780,26.44,10.83,30.2,69.7
201840,26.44,10,30.2,69.7
201900,26.44,7.5,30.2,69.7
201960,26.44,5.83,30.2,69.8
202020,26.44,4.17,30.2,69.8
202080,26.44,3.33,30.2,69.8
202140,26.44,2.5,30.2,69.8
202200,26.44,2.5,30.2,69.8
202260,26.44,1.67,30.1,69.8
202320,26.44,1.67,30.2,69.8
202380,26.44,0.83,30.1,69.8
202440,26.44,0.83,30.1,69.9
202500,26.44,0.83,30.1,69.8
202560,26.44,0.83,30.1,69.8
202620,26.44,0.83,30.1,69.9
202680,26.37,0.83,30.1,70
202740,26.37,0,30.1,70
202800,26.37,0,30.1,70.2
202860,26.37,0,30.1,70.1
202920,26.37,0,30.1,70.2
202980,26.37,0,30.1,70.3
203040,26.31,0,30.1,70.3
203100,26.37,0,30.1,70.3
203160,26.37,0,30.1,70.4
203220,26.31,0,30.1,70.3
203280,26.31,0,30.1,70.3
203340,26.31,0,30.1,70.3
203400,26.31,0,30.1,70.4
203460,26.31,0,30,70.3
203520,26.31,0,30,70.3
203580,26.31,0,30,70.3
203640,26.25,0,30,70.4
203700,26.25,0,30,70.4
203760,26.25,0,30,70.5
203820,26.25,0,30,70.5
203880,26.19,0,29.9,70.5
203940,26.19,0,29.9,70.5
204000,26.19,0,29.9,70.5
204060,26.19,0,30,70.6
204120,26.19,0,29.9,70.8
204180,26.12,0,29.9,70.9
204240,26.12,0,29.9,70.8
204300,26.19,0,29.9,70.8
204360,26.12,0,29.9,70.9
204420,26.12,0,29.9,70.8
204480,26.12,0,29.8,70.9
204540,26.06,0,29.9,71
204600,26.06,0,29.9,71
204660,26.06,0,29.9,70.9
204720,26.06,0,29.8,70.9
204780,26.12,0,29.9,71
204840,26.06,0,29.8,71
204900,26.06,0,29.8,70.9
204960,26.06,0,29.8,70.8
205020,26.06,0,29.8,70.7
205080,26,0,29.8,71
205140,26,0,29.8,70.9
205200,26,0,29.8,71
205260,26,0,29.8,70.9
205320,26,0,29.8,70.9
205380,26,0,29.8,70.8
205440,26,0,29.8,70.7
205500,25.94,0,29.7,70.8
205560,25.94,0,29.7,70.9
205620,25.87,0,29.7,70.9
205680,25.94,0,29.7,70.8
205740,25.94,0,29.7,71
205800,25.94,0,29.7,70.9
205860,25.87,0,29.6,70.9
205920,25.87,0,29.6,71
205980,25.87,0,29.6,71
206040,25.87,0,29.6,71
206100,25.87,2.5,29.6,71
206160,25.87,3.33,29.6,71
206220,25.81,3.33,29.6,71
206280,25.87,3.33,29.6,71
206340,25.81,4.17,29.6,71
206400,25.81,4.17,29.6,71.2
206460,25.81,4.17,29.6,71.3
206520,25.81,4.17,29.6,71.2
206580,25.81,4.17,29.6,71.2
206640,25.87,4.17,29.6,71.3
206700,25.87,4.17,29.6,71.3
206760,25.87,4.17,29.6,71.3
206820,25.87,4.17,29.6,71.4
206880,25.87,4.17,29.6,71.3
206940,25.87,3.33,29.6,71.3
207000,25.87,4.17,29.6,71.3
207060,25.87,4.17,29.6,71.1
207120,25.87,4.17,29.6,71
207180,25.81,4.17,29.6,71.2
207240,25.87,4.17,29.6,71.2
207300,25.87,3.33,29.6,71.3
207360,25.81,3.33,29.5,71.3
207420,25.75,3.33,29.5,71.6
207480,25.75,3.33,29.5,71.5
207540,25.81,3.33,29.5,71.3
207600,25.75,3.33,29.5,71.5
207660,25.75,4.17,29.5,71.5
207720,25.75,4.17,29.4,71.5
207780,25.69,4.17,29.5,71.5
207840,25.69,4.17,29.5,71.4
207900,25.69,3.33,29.4,71.5
207960,25.69,3.33,29.4,71.5
208020,25.69,3.33,29.4,71.5
208080,25.69,3.33,29.4,71.5
208140,25.69,3.33,29.4,71.6
208200,25.69,3.33,29.4,71.8
208260,25.69,3.33,29.4,71.7
208320,25.69,3.33,29.4,71.8
208380,25.69,3.33,29.4,71.8
208440,25.69,3.33,29.4,71.9
208500,25.69,3.33,29.4,71.9
208560,25.69,3.33,29.4,71.7
208620,25.69,3.33,29.4,72.1
208680,25.69,3.33,29.4,71.9
208740,25.69,3.33,29.4,71.9
208800,25.69,3.33,29.4,71.8
208860,25.69,0,29.4,71.9
208920,25.69,0,29.4,71.9
208980,25.69,0,29.4,72.2
209040,25.69,0,29.4,72
209100,25.69,0,29.4,71.9
209160,25.62,0,29.4,71.9
209220,25.69,0,29.4,72
209280,25.69,0,29.4,72
209340,25.69,0,29.4,71.9
209400,25.62,0,29.4,72
209460,25.62,0,29.4,71.8
209520,25.69,0,29.4,71.7
209580,25.69,0,29.4,71.7
209640,25.69,0,29.5,71.7
209700,25.69,0,29.4,71.4
209760,25.69,0,29.5,71.6
209820,25.69,0,29.5,71.6
209880,25.75,0,29.4,71.7
209940,25.75,0,29.5,71.6
210000,25.75,0,29.5,71.5
210060,25.69,0,29.5,71.6
210120,25.75,0,29.4,71.6
210180,25.69,0,29.4,71.6
210240,25.62,0,29.4,71.7
210300,25.62,0,29.4,71.7
210360,25.62,0,29.4,71.6
210420,25.56,0,29.4,71.8
210480,25.56,0,29.3,71.9
210540,25.56,0,29.3,71.7
210600,25.5,0,29.3,72
210660,25.5,0,29.3,72.1
210720,25.56,0,29.3,71.8
210780,25.56,0,29.3,72
210840,25.5,0,29.3,71.8
210900,25.56,0,29.3,71.8
210960,25.5,0,29.3,71.9
211020,25.5,0,29.3,72
211080,25.5,0,29.3,71.9
211140,25.5,0,29.3,72
211200,25.44,0,29.2,72
211260,25.5,0,29.2,72
211320,25.44,0,29.2,72.2
211380,25.37,0,29.2,72.5
211440,25.44,0,29.2,72.4
211500,25.44,0,29.2,72.3
211560,25.44,0,29.2,72.3
211620,25.44,0,29.2,72.3
211680,25.44,0,29.2,72.3
211740,25.44,0,29.2,72.2
211800,25.44,0,29.2,72.2
211860,25.44,0,29.2,72.2
211920,25.44,0,29.2,72.2
211980,25.5,0,29.2,72.1
212040,25.5,0,29.2,72.1
212100,25.5,0,29.2,72.2
212160,25.5,0,29.2,72.1
212220,25.5,0,29.3,72.1
212280,25.5,0,29.3,72.1
212340,25.56,0,29.3,72
212400,25.56,0,29.3,72
212460,25.56,0,29.3,71.8
212520,25.5,0,29.3,71.8
212580,25.5,0,29.3,71.9
212640,25.5,0,29.3,71.9
212700,25.5,0,29.3,71.9
212760,25.56,0,29.3,71.9
212820,25.56,0,29.3,72
212880,25.56,0,29.3,71.9
212940,25.56,0,29.3,71.9
213000,25.56,0,29.3,72
213060,25.5,0,29.3,71.9
213120,25.5,0,29.3,71.9
213180,25.5,0,29.2,71.9
213240,25.5,0,29.2,72
213300,25.5,0,29.2,71.9
213360,25.44,0,29.2,72
213420,25.44,0,29.2,72
213480,25.44,0,29.2,72.1
213540,25.44,0,29.2,72
213600,25.37,0,29.2,72
213660,25.44,0,29.2,72.1
213720,25.44,0,29.2,72.1
213780,25.37,0,29.1,71.9
213840,25.44,0,29.2,71.9
213900,25.37,0,29.2,72
213960,25.44,0,29.2,72
214020,25.37,0,29.2,72.1
214080,25.37,0,29.2,72
214140,25.37,0,29.2,72
214200,25.37,0,29.2,72
214260,25.37,0,29.2,72
214320,25.37,0,29.2,72.1
214380,25.37,0,29.2,72
214440,25.37,0,29.2,72.1
214500,25.37,0,29.1,72.1
214560,25.31,0,29.1,72.2
214620,25.31,0,29,72.2
214680,25.25,0,29,72.3
214740,25.19,0,29.1,72.4
214800,25.31,0,29.1,72.5
214860,25.25,0,29.1,72.5
214920,25.25,0,29.1,72.4
214980,25.25,0,29,72.5
215040,25.25,0,29,72.5
215100,25.25,0,29.1,72.5
215160,25.31,0,29.1,72.4
215220,25.25,0,29,72.5
215280,25.25,0,29,72.6
215340,25.25,0,29,72.6
215400,25.19,0,29,72.8
215460,25.19,0,28.9,72.8
215520,25.12,0,28.9,72.9
215580,25.12,0,28.9,72.9
215640,25.12,0,28.9,73
215700,25.12,0,28.9,72.9
215760,25.19,0,28.9,72.9
215820,25.19,0,29,72.9
215880,25.19,0,29,72.9
215940,25.19,0,29,72.9
216000,25.19,0,29,72.9
216060,25.19,0,29,72.9
216120,25.25,0,29,72.8
216180,25.19,0,29,72.8
216240,25.19,0,29,72.8
216300,25.19,0,29,72.7
216360,25.19,0,29,72.7
216420,25.19,0,29,72.8
216480,25.19,0,29,72.8
216540,25.19,0,29,72.8
216600,25.19,0,29,72.8
216660,25.19,0,29,72.8
216720,25.19,0,29,72.9
216780,25.19,0,29,72.8
216840,25.19,0,28.9,73.1
216900,25.19,0,28.9,73.1
216960,25.12,0,28.9,73
217020,25.12,0,28.9,73.1
217080,25.12,0,28.9,73.1
217140,25.12,0,28.9,73.2
217200,25.12,0,28.9,73.1
217260,25.12,0,28.9,73
217320,25.12,0,28.9,73
217380,25.12,0,28.9,73.1
217440,25.12,0,28.9,73.1
217500,25.19,0,28.9,73.1
217560,25.12,0,28.9,73.1
217620,25.19,0,28.9,73
60,-127,2.5,27,83.7
120,26.19,2.5,27.1,83
