temp_env,humidity,lux,wind_speed,pump_status,target_t_cell
31.36,60.0,87049.0,2.35,0,53.12225
87049.0,5000.0,0,31.36,2.35,87049.0
31.42,60.0,88466.0,2.35,0,53.536500000000004
88466.0,5000.0,0,31.42,2.35,88466.0
31.48,60.0,87878.0,2.35,0,53.4495
87878.0,5000.0,0,31.48,2.35,87878.0
31.55,60.0,88604.0,2.35,0,53.701
88604.0,5000.0,0,31.55,2.35,88604.0
31.61,60.0,89892.0,2.35,0,54.083
89892.0,5000.0,0,31.61,2.35,89892.0
31.67,60.0,90981.0,2.35,0,54.41525
90981.0,5000.0,0,31.67,2.35,90981.0
31.73,60.0,90760.0,2.35,0,54.42
90760.0,5000.0,0,31.73,2.35,90760.0
31.79,60.0,92308.0,2.35,0,54.867000000000004
92308.0,5000.0,0,31.79,2.35,92308.0
31.85,60.0,92768.0,2.35,0,55.042
92768.0,5000.0,0,31.85,2.35,92768.0
31.91,60.0,91721.0,2.35,0,54.84025
91721.0,5000.0,0,31.91,2.35,91721.0
31.97,60.0,93516.0,2.35,0,55.349000000000004
93516.0,5000.0,0,31.97,2.35,93516.0
32.03,60.0,93049.0,2.35,0,55.29225
93049.0,5000.0,0,32.03,2.35,93049.0
32.09,60.0,94091.0,2.35,0,55.612750000000005
94091.0,5000.0,0,32.09,2.35,94091.0
32.15,60.0,93707.0,2.35,0,55.57675
93707.0,5000.0,0,32.15,2.35,93707.0
32.21,60.0,94407.0,2.35,0,55.81175
94407.0,5000.0,0,32.21,2.35,94407.0
32.27,60.0,94615.0,2.35,0,55.92375
94615.0,5000.0,0,32.27,2.35,94615.0
32.33,60.0,96467.0,2.35,0,56.446749999999994
96467.0,5000.0,0,32.33,2.35,96467.0
32.39,60.0,95276.0,2.35,0,56.209
95276.0,5000.0,0,32.39,2.35,95276.0
32.44,60.0,95420.0,2.35,0,56.295
95420.0,5000.0,0,32.44,2.35,95420.0
32.5,60.0,96774.0,2.35,0,56.6935
96774.0,5000.0,0,32.5,2.35,96774.0
31.36,60.0,87107.0,2.35,0,53.13675
87107.0,5000.0,0,31.36,2.35,87107.0
31.36,60.0,87107.0,2.35,0,53.13675
31.42,60.0,87140.0,2.35,0,53.205
87140.0,5000.0,0,31.42,2.35,87140.0
31.42,60.0,87140.0,2.35,0,53.205
31.48,60.0,88110.0,2.35,0,53.5075
88110.0,5000.0,0,31.48,2.35,88110.0
31.48,60.0,88110.0,2.35,0,53.5075
31.55,60.0,88277.0,2.35,0,53.61925
88277.0,5000.0,0,31.55,2.35,88277.0
31.55,60.0,88277.0,2.35,0,53.61925
31.61,60.0,89040.0,2.35,0,53.870000000000005
89040.0,5000.0,0,31.61,2.35,89040.0
31.61,60.0,89040.0,2.35,0,53.870000000000005
31.67,60.0,90948.0,2.35,0,54.407
90948.0,5000.0,0,31.67,2.35,90948.0
31.67,60.0,90948.0,2.35,0,54.407
31.73,60.0,91343.0,2.35,0,54.56575
91343.0,5000.0,0,31.73,2.35,91343.0
31.73,60.0,91343.0,2.35,0,54.56575
31.79,60.0,91212.0,2.35,0,54.593
91212.0,5000.0,0,31.79,2.35,91212.0
31.79,60.0,91212.0,2.35,0,54.593
31.85,60.0,92844.0,2.35,0,55.061
92844.0,5000.0,0,31.85,2.35,92844.0
31.85,60.0,92844.0,2.35,0,55.061
31.91,60.0,92552.0,2.35,0,55.048
92552.0,5000.0,0,31.91,2.35,92552.0
31.91,60.0,92552.0,2.35,0,55.048
31.97,60.0,93106.0,2.35,0,55.2465
93106.0,5000.0,0,31.97,2.35,93106.0
31.97,60.0,93106.0,2.35,0,55.2465
32.03,95.0,92364.0,2.35,1,55.121
92364.0,5000.0,1,32.03,2.35,92364.00025
32.03,95.0,92364.0,2.35,1,55.121
32.09,95.0,93720.0,2.35,1,55.52
93720.0,5000.0,1,32.09,2.35,93720.00025
32.09,95.0,93720.0,2.35,1,55.52
32.15,94.0,94291.0,2.35,0,55.72275
94291.0,5000.0,0,32.15,2.35,94291.0
32.15,94.0,94291.0,2.35,0,55.72275
32.21,95.0,95527.0,2.35,1,56.091750000000005
95527.0,5000.0,1,32.21,2.35,95527.00025
32.21,95.0,95527.0,2.35,1,56.091750000000005
32.27,95.0,96009.0,2.35,1,56.27225
96009.0,5000.0,1,32.27,2.35,96009.00025
32.27,95.0,96009.0,2.35,1,56.27225
32.33,94.0,95957.0,2.35,0,56.31925
95957.0,5000.0,0,32.33,2.35,95957.0
32.33,94.0,95957.0,2.35,0,56.31925
32.39,93.0,95496.0,2.35,0,56.263999999999996
95496.0,5000.0,0,32.39,2.35,95496.0
32.39,93.0,95496.0,2.35,0,56.263999999999996
32.44,92.0,96133.0,2.35,0,56.47324999999999
96133.0,5000.0,0,32.44,2.35,96133.0
32.44,92.0,96133.0,2.35,0,56.47324999999999
32.5,91.0,95931.0,2.35,0,56.482749999999996
95931.0,5000.0,0,32.5,2.35,95931.0
32.5,91.0,95931.0,2.35,0,56.482749999999996
32.56,90.0,96222.0,2.35,0,56.6155
96222.0,5000.0,0,32.56,2.35,96222.0
32.56,90.0,96222.0,2.35,0,56.6155
31.36,60.0,86721.0,1.66,0,53.04025
86721.0,5000.0,0,31.36,1.66,86721.0
31.36,60.0,86721.0,1.66,0,53.04025
31.42,60.0,88038.0,1.66,0,53.429500000000004
88038.0,5000.0,0,31.42,1.66,88038.0
31.42,60.0,88038.0,1.66,0,53.429500000000004
31.48,60.0,87545.0,1.66,0,53.36625
87545.0,5000.0,0,31.48,1.66,87545.0
31.48,60.0,87545.0,1.66,0,53.36625
31.55,60.0,89846.0,1.66,0,54.0115
89846.0,5000.0,0,31.55,1.66,89846.0
31.55,60.0,89846.0,1.66,0,54.0115
31.61,60.0,89808.0,1.66,0,54.062
89808.0,5000.0,0,31.61,1.66,89808.0
31.61,60.0,89808.0,1.66,0,54.062
31.67,60.0,90828.0,1.66,0,54.377
90828.0,5000.0,0,31.67,1.66,90828.0
31.67,60.0,90828.0,1.66,0,54.377
31.73,60.0,91685.0,1.66,0,54.651250000000005
91685.0,5000.0,0,31.73,1.66,91685.0
31.73,60.0,91685.0,1.66,0,54.651250000000005
31.79,60.0,91679.0,1.66,0,54.70975
91679.0,5000.0,0,31.79,1.66,91679.0
31.79,60.0,91679.0,1.66,0,54.70975
31.85,60.0,91664.0,1.66,0,54.766000000000005
91664.0,5000.0,0,31.85,1.66,91664.0
31.85,60.0,91664.0,1.66,0,54.766000000000005
31.91,60.0,91727.0,1.66,0,54.841750000000005
91727.0,5000.0,0,31.91,1.66,91727.0
31.91,60.0,91727.0,1.66,0,54.841750000000005
31.97,60.0,92210.0,1.66,0,55.022499999999994
92210.0,5000.0,0,31.97,1.66,92210.0
31.97,60.0,92210.0,1.66,0,55.022499999999994
32.03,60.0,92546.0,1.66,0,55.1665
92546.0,5000.0,0,32.03,1.66,92546.0
32.03,60.0,92546.0,1.66,0,55.1665
32.09,60.0,93787.0,1.66,0,55.536750000000005
93787.0,5000.0,0,32.09,1.66,93787.0
32.09,60.0,93787.0,1.66,0,55.536750000000005
32.15,95.0,94229.0,1.66,1,55.70725
94229.0,5000.0,1,32.15,1.66,94229.00025
32.15,95.0,94229.0,1.66,1,55.70725
32.21,95.0,93891.0,1.66,1,55.68275
93891.0,5000.0,1,32.21,1.66,93891.00025
32.21,95.0,93891.0,1.66,1,55.68275
32.27,94.0,94963.0,1.66,0,56.01075
94963.0,5000.0,0,32.27,1.66,94963.0
32.27,94.0,94963.0,1.66,0,56.01075
32.33,93.0,95570.0,1.66,0,56.2225
95570.0,5000.0,0,32.33,1.66,95570.0
32.33,93.0,95570.0,1.66,0,56.2225
32.39,92.0,95100.0,1.66,0,56.165
95100.0,5000.0,0,32.39,1.66,95100.0
32.39,92.0,95100.0,1.66,0,56.165
32.44,91.0,97219.0,1.66,0,56.744749999999996
97219.0,5000.0,0,32.44,1.66,97219.0
32.44,91.0,97219.0,1.66,0,56.744749999999996
32.5,90.0,97049.0,1.66,0,56.76225
97049.0,5000.0,0,32.5,1.66,97049.0
32.5,90.0,97049.0,1.66,0,56.76225
32.56,89.0,97838.0,1.66,0,57.0195
97838.0,5000.0,0,32.56,1.66,97838.0
32.56,89.0,97838.0,1.66,0,57.0195
32.61,88.0,96735.0,1.66,0,56.79375
96735.0,5000.0,0,32.61,1.66,96735.0
32.61,88.0,96735.0,1.66,0,56.79375
32.67,87.0,97141.0,1.66,0,56.95525000000001
97141.0,5000.0,0,32.67,1.66,97141.0
32.67,87.0,97141.0,1.66,0,56.95525000000001
32.72,86.0,98553.0,1.66,0,57.35825
98553.0,5000.0,0,32.72,1.66,98553.0
32.72,86.0,98553.0,1.66,0,57.35825
32.78,85.0,97374.0,1.66,0,57.1235
97374.0,5000.0,0,32.78,1.66,97374.0
32.78,85.0,97374.0,1.66,0,57.1235
32.83,84.0,99013.0,1.66,0,57.58325
99013.0,5000.0,0,32.83,1.66,99013.0
32.83,84.0,99013.0,1.66,0,57.58325
32.89,83.0,99383.0,1.66,0,57.735749999999996
99383.0,5000.0,0,32.89,1.66,99383.0
32.89,83.0,99383.0,1.66,0,57.735749999999996
32.94,82.0,98288.0,1.66,0,57.512
98288.0,5000.0,0,32.94,1.66,98288.0
32.94,82.0,98288.0,1.66,0,57.512
32.99,81.0,99273.0,1.66,0,57.80825
99273.0,5000.0,0,32.99,1.66,99273.0
32.99,81.0,99273.0,1.66,0,57.80825
33.04,80.0,99745.0,1.66,0,57.97625
99745.0,5000.0,0,33.04,1.66,99745.0
33.04,80.0,99745.0,1.66,0,57.97625
33.1,79.0,100019.0,1.66,0,58.10475
100019.0,5000.0,0,33.1,1.66,100019.0
33.1,79.0,100019.0,1.66,0,58.10475
33.15,78.0,98617.0,1.66,0,57.804249999999996
98617.0,5000.0,0,33.15,1.66,98617.0
33.15,78.0,98617.0,1.66,0,57.804249999999996
33.2,77.0,99877.0,1.66,0,58.169250000000005
99877.0,5000.0,0,33.2,1.66,99877.0
33.2,77.0,99877.0,1.66,0,58.169250000000005
33.25,76.0,100192.0,1.66,0,58.298
100192.0,5000.0,0,33.25,1.66,100192.0
33.25,76.0,100192.0,1.66,0,58.298
33.3,75.0,100289.0,1.66,0,58.372249999999994
100289.0,5000.0,0,33.3,1.66,100289.0
33.3,75.0,100289.0,1.66,0,58.372249999999994
33.35,74.0,100155.0,1.66,0,58.38875
100155.0,5000.0,0,33.35,1.66,100155.0
33.35,74.0,100155.0,1.66,0,58.38875
33.39,73.0,98929.0,1.66,0,58.12225
98929.0,5000.0,0,33.39,1.66,98929.0
33.39,73.0,98929.0,1.66,0,58.12225
33.44,72.0,99317.0,1.66,0,58.26925
99317.0,5000.0,0,33.44,1.66,99317.0
33.44,72.0,99317.0,1.66,0,58.26925
33.49,71.0,100516.0,1.66,0,58.619
100516.0,5000.0,0,33.49,1.66,100516.0
33.49,71.0,100516.0,1.66,0,58.619
33.54,70.0,100287.0,1.66,0,58.61175
100287.0,5000.0,0,33.54,1.66,100287.0
33.54,70.0,100287.0,1.66,0,58.61175
33.58,69.0,99141.0,1.66,0,58.36525
99141.0,5000.0,0,33.58,1.66,99141.0
33.58,69.0,99141.0,1.66,0,58.36525
33.63,68.0,99893.0,1.66,0,58.60325
99893.0,5000.0,0,33.63,1.66,99893.0
33.63,68.0,99893.0,1.66,0,58.60325
33.67,67.0,100570.0,1.66,0,58.8125
100570.0,5000.0,0,33.67,1.66,100570.0
33.67,67.0,100570.0,1.66,0,58.8125
33.72,66.0,99691.0,1.66,0,58.64275
99691.0,5000.0,0,33.72,1.66,99691.0
33.72,66.0,99691.0,1.66,0,58.64275
33.76,65.0,99400.0,1.66,0,58.61
99400.0,5000.0,0,33.76,1.66,99400.0
33.76,65.0,99400.0,1.66,0,58.61
33.8,64.0,99357.0,1.66,0,58.63925
99357.0,5000.0,0,33.8,1.66,99357.0
33.8,64.0,99357.0,1.66,0,58.63925
33.84,63.0,99493.0,1.66,0,58.71325
99493.0,5000.0,0,33.84,1.66,99493.0
33.84,63.0,99493.0,1.66,0,58.71325
33.89,62.0,99104.0,1.66,0,58.666
99104.0,5000.0,0,33.89,1.66,99104.0
33.89,62.0,99104.0,1.66,0,58.666
33.93,61.0,98746.0,1.66,0,58.6165
98746.0,5000.0,0,33.93,1.66,98746.0
33.93,61.0,98746.0,1.66,0,58.6165
33.97,60.0,100002.0,1.66,0,58.9705
100002.0,5000.0,0,33.97,1.66,100002.0
33.97,60.0,100002.0,1.66,0,58.9705
34.01,60.0,99530.0,1.66,0,58.8925
99530.0,5000.0,0,34.01,1.66,99530.0
34.01,60.0,99530.0,1.66,0,58.8925
34.05,60.0,98161.0,1.66,0,58.59025
98161.0,5000.0,0,34.05,1.66,98161.0
34.05,60.0,98161.0,1.66,0,58.59025
34.08,60.0,98840.0,1.66,0,58.79
98840.0,5000.0,0,34.08,1.66,98840.0
34.08,60.0,98840.0,1.66,0,58.79
34.12,60.0,99186.0,1.66,0,58.9165
99186.0,5000.0,0,34.12,1.66,99186.0
34.12,60.0,99186.0,1.66,0,58.9165
34.16,60.0,97894.0,1.66,0,58.6335
97894.0,5000.0,0,34.16,1.66,97894.0
34.16,60.0,97894.0,1.66,0,58.6335
34.19,60.0,98108.0,1.66,0,58.717
98108.0,5000.0,0,34.19,1.66,98108.0
34.19,60.0,98108.0,1.66,0,58.717
34.23,60.0,97579.0,1.66,0,58.62474999999999
97579.0,5000.0,0,34.23,1.66,97579.0
34.23,60.0,97579.0,1.66,0,58.62474999999999
34.26,60.0,97645.0,1.66,0,58.67125
97645.0,5000.0,0,34.26,1.66,97645.0
34.26,60.0,97645.0,1.66,0,58.67125
34.3,60.0,97653.0,1.66,0,58.71325
97653.0,5000.0,0,34.3,1.66,97653.0
34.3,60.0,97653.0,1.66,0,58.71325
34.33,60.0,95620.0,1.66,0,58.235
95620.0,5000.0,0,34.33,1.66,95620.0
34.33,60.0,95620.0,1.66,0,58.235
34.36,60.0,95381.0,1.66,0,58.20525
95381.0,5000.0,0,34.36,1.66,95381.0
34.36,60.0,95381.0,1.66,0,58.20525
34.39,60.0,96838.0,1.66,0,58.5995
96838.0,5000.0,0,34.39,1.66,96838.0
34.39,60.0,96838.0,1.66,0,58.5995
34.42,60.0,94638.0,1.66,0,58.0795
94638.0,5000.0,0,34.42,1.66,94638.0
34.42,60.0,94638.0,1.66,0,58.0795
34.46,60.0,94316.0,1.66,0,58.039
94316.0,5000.0,0,34.46,1.66,94316.0
34.46,60.0,94316.0,1.66,0,58.039
34.48,60.0,94255.0,1.66,0,58.043749999999996
94255.0,5000.0,0,34.48,1.66,94255.0
34.48,60.0,94255.0,1.66,0,58.043749999999996
34.51,60.0,95010.0,1.66,0,58.2625
95010.0,5000.0,0,34.51,1.66,95010.0
34.51,60.0,95010.0,1.66,0,58.2625
34.54,60.0,93701.0,1.66,0,57.96525
93701.0,5000.0,0,34.54,1.66,93701.0
34.54,60.0,93701.0,1.66,0,57.96525
34.57,60.0,94159.0,1.66,0,58.109750000000005
94159.0,5000.0,0,34.57,1.66,94159.0
34.57,60.0,94159.0,1.66,0,58.109750000000005
34.59,60.0,92512.0,1.66,0,57.718
92512.0,5000.0,0,34.59,1.66,92512.0
34.59,60.0,92512.0,1.66,0,57.718
34.62,60.0,92547.0,1.66,0,57.75675
92547.0,5000.0,0,34.62,1.66,92547.0
34.62,60.0,92547.0,1.66,0,57.75675
34.64,60.0,91981.0,1.66,0,57.63525
91981.0,5000.0,0,34.64,1.66,91981.0
34.64,60.0,91981.0,1.66,0,57.63525
34.67,60.0,91121.0,1.66,0,57.45025
91121.0,5000.0,0,34.67,1.66,91121.0
34.67,60.0,91121.0,1.66,0,57.45025
34.69,60.0,91407.0,1.66,0,57.54174999999999
91407.0,5000.0,0,34.69,1.66,91407.0
34.69,60.0,91407.0,1.66,0,57.54174999999999
34.71,60.0,89408.0,1.66,0,57.062
89408.0,5000.0,0,34.71,1.66,89408.0
34.71,60.0,89408.0,1.66,0,57.062
34.73,60.0,89003.0,1.66,0,56.98075
89003.0,5000.0,0,34.73,1.66,89003.0
34.73,60.0,89003.0,1.66,0,56.98075
34.76,60.0,90026.0,1.66,0,57.26649999999999
90026.0,5000.0,0,34.76,1.66,90026.0
34.76,60.0,90026.0,1.66,0,57.26649999999999
34.78,60.0,87681.0,1.66,0,56.70025
87681.0,5000.0,0,34.78,1.66,87681.0
34.78,60.0,87681.0,1.66,0,56.70025
34.79,60.0,88698.0,1.66,0,56.9645
88698.0,5000.0,0,34.79,1.66,88698.0
34.79,60.0,88698.0,1.66,0,56.9645
34.81,60.0,87848.0,1.66,0,56.772000000000006
87848.0,5000.0,0,34.81,1.66,87848.0
34.81,60.0,87848.0,1.66,0,56.772000000000006
34.83,60.0,86079.0,1.66,0,56.34975
86079.0,5000.0,0,34.83,1.66,86079.0
34.83,60.0,86079.0,1.66,0,56.34975
34.85,60.0,86940.0,1.66,0,56.585
86940.0,5000.0,0,34.85,1.66,86940.0
34.85,60.0,86940.0,1.66,0,56.585
34.86,60.0,86000.0,1.66,0,56.36
86000.0,5000.0,0,34.86,1.66,86000.0
34.86,60.0,86000.0,1.66,0,56.36
34.88,60.0,84524.0,1.66,0,56.011
84524.0,5000.0,0,34.88,1.66,84524.0
34.88,60.0,84524.0,1.66,0,56.011
34.89,60.0,83705.0,1.66,0,55.81625
83705.0,5000.0,0,34.89,1.66,83705.0
34.89,60.0,83705.0,1.66,0,55.81625
34.9,60.0,83489.0,1.66,0,55.77225
83489.0,5000.0,0,34.9,1.66,83489.0
34.9,60.0,83489.0,1.66,0,55.77225
34.92,60.0,82715.0,1.66,0,55.59875
82715.0,5000.0,0,34.92,1.66,82715.0
34.92,60.0,82715.0,1.66,0,55.59875
34.93,60.0,81872.0,1.66,0,55.397999999999996
81872.0,5000.0,0,34.93,1.66,81872.0
34.93,60.0,81872.0,1.66,0,55.397999999999996
34.94,60.0,80398.0,1.66,0,55.0395
80398.0,5000.0,0,34.94,1.66,80398.0
34.94,60.0,80398.0,1.66,0,55.0395
34.95,60.0,81040.0,1.66,0,55.21000000000001
81040.0,5000.0,0,34.95,1.66,81040.0
34.95,60.0,81040.0,1.66,0,55.21000000000001
34.96,60.0,79315.0,1.66,0,54.78875
79315.0,5000.0,0,34.96,1.66,79315.0
34.96,60.0,79315.0,1.66,0,54.78875
34.97,60.0,77764.0,1.66,0,54.411
77764.0,5000.0,0,34.97,1.66,77764.0
34.97,60.0,77764.0,1.66,0,54.411
34.97,60.0,78546.0,1.66,0,54.6065
78546.0,5000.0,0,34.97,1.66,78546.0
34.97,60.0,78546.0,1.66,0,54.6065
34.98,60.0,77132.0,1.66,0,54.263
77132.0,5000.0,0,34.98,1.66,77132.0
34.98,60.0,77132.0,1.66,0,54.263
34.98,60.0,76089.0,1.66,0,54.00225
76089.0,5000.0,0,34.98,1.66,76089.0
34.98,60.0,76089.0,1.66,0,54.00225
34.99,60.0,74292.0,1.66,0,53.563
74292.0,5000.0,0,34.99,1.66,74292.0
34.99,60.0,74292.0,1.66,0,53.563
34.99,60.0,73326.0,1.66,0,53.3215
73326.0,5000.0,0,34.99,1.66,73326.0
34.99,60.0,73326.0,1.66,0,53.3215
35.0,60.0,72914.0,1.66,0,53.2285
72914.0,5000.0,0,35.0,1.66,72914.0
35.0,60.0,72914.0,1.66,0,53.2285
35.0,60.0,73106.0,1.66,0,53.2765
73106.0,5000.0,0,35.0,1.66,73106.0
35.0,60.0,73106.0,1.66,0,53.2765
35.0,60.0,70714.0,1.66,0,52.6785
70714.0,5000.0,0,35.0,1.66,70714.0
35.0,60.0,70714.0,1.66,0,52.6785
35.0,60.0,70668.0,1.66,0,52.667
70668.0,5000.0,0,35.0,1.66,70668.0
35.0,60.0,70668.0,1.66,0,52.667
35.0,60.0,69935.0,1.66,0,52.48375
69935.0,5000.0,0,35.0,1.66,69935.0
35.0,60.0,69935.0,1.66,0,52.48375
35.0,60.0,69629.0,1.66,0,52.407250000000005
69629.0,5000.0,0,35.0,1.66,69629.0
35.0,60.0,69629.0,1.66,0,52.407250000000005
35.0,60.0,67388.0,1.66,0,51.847
67388.0,5000.0,0,35.0,1.66,67388.0
35.0,60.0,67388.0,1.66,0,51.847
34.99,60.0,67839.0,1.66,0,51.94975
67839.0,5000.0,0,34.99,1.66,67839.0
34.99,60.0,67839.0,1.66,0,51.94975
34.99,60.0,66196.0,1.66,0,51.539
66196.0,5000.0,0,34.99,1.66,66196.0
34.99,60.0,66196.0,1.66,0,51.539
34.98,60.0,65331.0,1.66,0,51.312749999999994
65331.0,5000.0,0,34.98,1.66,65331.0
34.98,60.0,65331.0,1.66,0,51.312749999999994
34.98,60.0,63269.0,1.66,0,50.79725
63269.0,5000.0,0,34.98,1.66,63269.0
34.98,60.0,63269.0,1.66,0,50.79725
34.97,60.0,62379.0,1.66,0,50.56475
62379.0,5000.0,0,34.97,1.66,62379.0
34.97,60.0,62379.0,1.66,0,50.56475
34.97,60.0,62706.0,1.66,0,50.6465
62706.0,5000.0,0,34.97,1.66,62706.0
34.97,60.0,62706.0,1.66,0,50.6465
34.96,60.0,61519.0,1.66,0,50.33975
61519.0,5000.0,0,34.96,1.66,61519.0
34.96,60.0,61519.0,1.66,0,50.33975
34.95,60.0,59037.0,1.66,0,49.709250000000004
59037.0,5000.0,0,34.95,1.66,59037.0
34.95,60.0,59037.0,1.66,0,49.709250000000004
34.94,60.0,58653.0,1.66,0,49.603249999999996
58653.0,5000.0,0,34.94,1.66,58653.0
34.94,60.0,58653.0,1.66,0,49.603249999999996
34.93,60.0,57804.0,1.66,0,49.381
57804.0,5000.0,0,34.93,1.66,57804.0
34.93,60.0,57804.0,1.66,0,49.381
34.92,60.0,56064.0,1.66,0,48.936
56064.0,5000.0,0,34.92,1.66,56064.0
34.92,60.0,56064.0,1.66,0,48.936
34.9,60.0,55211.0,1.66,0,48.702749999999995
55211.0,5000.0,0,34.9,1.66,55211.0
34.9,60.0,55211.0,1.66,0,48.702749999999995
34.89,60.0,55377.0,1.66,0,48.73425
55377.0,5000.0,0,34.89,1.66,55377.0
34.89,60.0,55377.0,1.66,0,48.73425
34.88,60.0,54299.0,1.66,0,48.454750000000004
54299.0,5000.0,0,34.88,1.66,54299.0
34.88,60.0,54299.0,1.66,0,48.454750000000004
34.86,60.0,52489.0,1.66,0,47.98225
52489.0,5000.0,0,34.86,1.66,52489.0
34.86,60.0,52489.0,1.66,0,47.98225
34.85,60.0,50521.0,1.66,0,47.48025
50521.0,5000.0,0,34.85,1.66,50521.0
34.85,60.0,50521.0,1.66,0,47.48025
34.83,60.0,50581.0,1.66,0,47.47525
50581.0,5000.0,0,34.83,1.66,50581.0
34.83,60.0,50581.0,1.66,0,47.47525
34.81,60.0,48753.0,1.66,0,46.99825
48753.0,5000.0,0,34.81,1.66,48753.0
34.81,60.0,48753.0,1.66,0,46.99825
34.79,60.0,46804.0,1.66,0,46.491
46804.0,5000.0,0,34.79,1.66,46804.0
34.79,60.0,46804.0,1.66,0,46.491
34.78,60.0,46267.0,1.66,0,46.34675
46267.0,5000.0,0,34.78,1.66,46267.0
34.78,60.0,46267.0,1.66,0,46.34675
34.76,60.0,46121.0,1.66,0,46.29025
46121.0,5000.0,0,34.76,1.66,46121.0
34.76,60.0,46121.0,1.66,0,46.29025
34.73,60.0,44339.0,1.66,0,45.81475
44339.0,5000.0,0,34.73,1.66,44339.0
34.73,60.0,44339.0,1.66,0,45.81475
34.71,60.0,43940.0,1.66,0,45.695
43940.0,5000.0,0,34.71,1.66,43940.0
34.71,60.0,43940.0,1.66,0,45.695
34.69,60.0,42035.0,1.66,0,45.19875
42035.0,5000.0,0,34.69,1.66,42035.0
34.69,60.0,42035.0,1.66,0,45.19875
34.67,60.0,39763.0,1.66,0,44.61075
39763.0,5000.0,0,34.67,1.66,39763.0
34.67,60.0,39763.0,1.66,0,44.61075
34.64,60.0,40035.0,1.66,0,44.64875
40035.0,5000.0,0,34.64,1.66,40035.0
34.64,60.0,40035.0,1.66,0,44.64875
34.62,60.0,38759.0,1.66,0,44.309749999999994
38759.0,5000.0,0,34.62,1.66,38759.0
34.62,60.0,38759.0,1.66,0,44.309749999999994
34.59,60.0,36205.0,1.66,0,43.64125
36205.0,5000.0,0,34.59,1.66,36205.0
34.59,60.0,36205.0,1.66,0,43.64125
34.57,60.0,35691.0,1.66,0,43.49275
35691.0,5000.0,0,34.57,1.66,35691.0
34.57,60.0,35691.0,1.66,0,43.49275
34.54,60.0,34826.0,1.66,0,43.2465
34826.0,5000.0,0,34.54,1.66,34826.0
34.54,60.0,34826.0,1.66,0,43.2465
34.51,60.0,33321.0,1.66,0,42.84025
33321.0,5000.0,0,34.51,1.66,33321.0
34.51,60.0,33321.0,1.66,0,42.84025
34.48,60.0,32929.0,1.66,0,42.71225
32929.0,5000.0,0,34.48,1.66,32929.0
34.48,60.0,32929.0,1.66,0,42.71225
34.46,60.0,31010.0,1.66,0,42.2125
31010.0,5000.0,0,34.46,1.66,31010.0
34.46,60.0,31010.0,1.66,0,42.2125
34.42,60.0,29785.0,1.66,0,41.86625
29785.0,5000.0,0,34.42,1.66,29785.0
34.42,60.0,29785.0,1.66,0,41.86625
34.39,60.0,28088.0,1.66,0,41.412
28088.0,5000.0,0,34.39,1.66,28088.0
34.39,60.0,28088.0,1.66,0,41.412
34.36,60.0,26394.0,1.66,0,40.9585
26394.0,5000.0,0,34.36,1.66,26394.0
34.36,60.0,26394.0,1.66,0,40.9585
34.33,60.0,26535.0,1.66,0,40.96375
26535.0,5000.0,0,34.33,1.66,26535.0
34.33,60.0,26535.0,1.66,0,40.96375
34.3,60.0,24392.0,1.66,0,40.397999999999996
24392.0,5000.0,0,34.3,1.66,24392.0
34.3,60.0,24392.0,1.66,0,40.397999999999996
34.26,60.0,22649.0,1.66,0,39.92225
22649.0,5000.0,0,34.26,1.66,22649.0
34.26,60.0,22649.0,1.66,0,39.92225
34.23,60.0,21861.0,1.66,0,39.695249999999994
21861.0,5000.0,0,34.23,1.66,21861.0
34.23,60.0,21861.0,1.66,0,39.695249999999994
34.19,60.0,21509.0,1.66,0,39.56725
21509.0,5000.0,0,34.19,1.66,21509.0
34.19,60.0,21509.0,1.66,0,39.56725
34.16,60.0,19333.0,1.66,0,38.993249999999996
19333.0,5000.0,0,34.16,1.66,19333.0
34.16,60.0,19333.0,1.66,0,38.993249999999996
34.12,60.0,18073.0,1.66,0,38.63825
18073.0,5000.0,0,34.12,1.66,18073.0
34.12,60.0,18073.0,1.66,0,38.63825
34.08,60.0,16240.0,1.66,0,38.14
16240.0,5000.0,0,34.08,1.66,16240.0
34.08,60.0,16240.0,1.66,0,38.14
34.05,60.0,16269.0,1.66,0,38.11725
16269.0,5000.0,0,34.05,1.66,16269.0
34.05,60.0,16269.0,1.66,0,38.11725
34.01,60.0,13790.0,1.66,0,37.457499999999996
13790.0,5000.0,0,34.01,1.66,13790.0
34.01,60.0,13790.0,1.66,0,37.457499999999996
33.97,60.0,13458.0,1.66,0,37.3345
13458.0,5000.0,0,33.97,1.66,13458.0
33.97,60.0,13458.0,1.66,0,37.3345
33.93,60.0,12212.0,1.66,0,36.983
12212.0,5000.0,0,33.93,1.66,12212.0
33.93,60.0,12212.0,1.66,0,36.983
33.89,60.0,10305.0,1.66,0,36.46625
10305.0,5000.0,0,33.89,1.66,10305.0
33.89,60.0,10305.0,1.66,0,36.46625
33.84,60.0,10016.0,1.66,0,36.344
10016.0,5000.0,0,33.84,1.66,10016.0
33.84,60.0,10016.0,1.66,0,36.344
33.8,60.0,7984.0,1.66,0,35.796
7984.0,5000.0,0,33.8,1.66,7984.0
33.8,60.0,7984.0,1.66,0,35.796
33.76,60.0,7508.0,1.66,0,35.637
7508.0,5000.0,0,33.76,1.66,7508.0
33.76,60.0,7508.0,1.66,0,35.637
33.72,60.0,6054.0,1.66,0,35.2335
6054.0,5000.0,0,33.72,1.66,6054.0
33.72,60.0,6054.0,1.66,0,35.2335
33.67,60.0,3922.0,1.66,0,34.6505
3922.0,5000.0,0,33.67,1.66,3922.0
33.67,60.0,3922.0,1.66,0,34.6505
33.63,60.0,1713.0,1.66,0,34.05825
1713.0,5000.0,0,33.63,1.66,1713.0
33.63,60.0,1713.0,1.66,0,34.05825
33.58,60.0,1172.0,1.66,0,33.873
1172.0,5000.0,0,33.58,1.66,1172.0
33.58,60.0,1172.0,1.66,0,33.873
33.54,60.0,0.0,1.66,0,33.54
0.0,5000.0,0,33.54,1.66,0.0
33.54,60.0,0.0,1.66,0,33.54
33.49,60.0,0.0,1.66,0,33.49
0.0,5000.0,0,33.49,1.66,0.0
33.49,60.0,0.0,1.66,0,33.49
33.44,60.0,0.0,1.66,0,33.44
0.0,5000.0,0,33.44,1.66,0.0
33.44,60.0,0.0,1.66,0,33.44
33.39,60.0,0.0,1.66,0,33.39
0.0,5000.0,0,33.39,1.66,0.0
33.39,60.0,0.0,1.66,0,33.39
33.35,60.0,0.0,1.66,0,33.35
0.0,5000.0,0,33.35,1.66,0.0
33.35,60.0,0.0,1.66,0,33.35
33.3,60.0,0.0,1.66,0,33.3
0.0,5000.0,0,33.3,1.66,0.0
33.3,60.0,0.0,1.66,0,33.3
33.25,60.0,0.0,1.66,0,33.25
0.0,5000.0,0,33.25,1.66,0.0
33.25,60.0,0.0,1.66,0,33.25
33.2,60.0,0.0,1.66,0,33.2
0.0,5000.0,0,33.2,1.66,0.0
33.2,60.0,0.0,1.66,0,33.2
33.15,60.0,0.0,1.66,0,33.15
0.0,5000.0,0,33.15,1.66,0.0
33.15,60.0,0.0,1.66,0,33.15
33.1,60.0,0.0,1.66,0,33.1
0.0,5000.0,0,33.1,1.66,0.0
33.1,60.0,0.0,1.66,0,33.1
33.04,60.0,0.0,1.66,0,33.04
0.0,5000.0,0,33.04,1.66,0.0
33.04,60.0,0.0,1.66,0,33.04
32.99,60.0,0.0,1.66,0,32.99
0.0,5000.0,0,32.99,1.66,0.0
32.99,60.0,0.0,1.66,0,32.99
32.94,60.0,0.0,1.66,0,32.94
0.0,5000.0,0,32.94,1.66,0.0
32.94,60.0,0.0,1.66,0,32.94
32.89,60.0,0.0,1.66,0,32.89
0.0,5000.0,0,32.89,1.66,0.0
32.89,60.0,0.0,1.66,0,32.89
32.83,60.0,0.0,1.66,0,32.83
0.0,5000.0,0,32.83,1.66,0.0
32.83,60.0,0.0,1.66,0,32.83
32.78,60.0,0.0,1.66,0,32.78
0.0,5000.0,0,32.78,1.66,0.0
32.78,60.0,0.0,1.66,0,32.78
32.72,60.0,0.0,1.66,0,32.72
0.0,5000.0,0,32.72,1.66,0.0
32.72,60.0,0.0,1.66,0,32.72
32.67,60.0,0.0,1.66,0,32.67
0.0,5000.0,0,32.67,1.66,0.0
32.67,60.0,0.0,1.66,0,32.67
32.61,60.0,0.0,1.66,0,32.61
0.0,5000.0,0,32.61,1.66,0.0
32.61,60.0,0.0,1.66,0,32.61
32.56,60.0,0.0,1.66,0,32.56
0.0,5000.0,0,32.56,1.66,0.0
32.56,60.0,0.0,1.66,0,32.56
32.5,60.0,0.0,1.66,0,32.5
0.0,5000.0,0,32.5,1.66,0.0
32.5,60.0,0.0,1.66,0,32.5
32.44,60.0,0.0,1.66,0,32.44
0.0,5000.0,0,32.44,1.66,0.0
32.44,60.0,0.0,1.66,0,32.44
32.39,60.0,0.0,1.66,0,32.39
0.0,5000.0,0,32.39,1.66,0.0
32.39,60.0,0.0,1.66,0,32.39
32.33,60.0,0.0,1.66,0,32.33
0.0,5000.0,0,32.33,1.66,0.0
32.33,60.0,0.0,1.66,0,32.33
32.27,60.0,0.0,1.66,0,32.27
0.0,5000.0,0,32.27,1.66,0.0
32.27,60.0,0.0,1.66,0,32.27
32.21,60.0,0.0,1.66,0,32.21
0.0,5000.0,0,32.21,1.66,0.0
32.21,60.0,0.0,1.66,0,32.21
32.15,60.0,0.0,1.66,0,32.15
0.0,5000.0,0,32.15,1.66,0.0
32.15,60.0,0.0,1.66,0,32.15
32.09,60.0,0.0,1.66,0,32.09
0.0,5000.0,0,32.09,1.66,0.0
32.09,60.0,0.0,1.66,0,32.09
32.03,60.0,0.0,1.66,0,32.03
0.0,5000.0,0,32.03,1.66,0.0
32.03,60.0,0.0,1.66,0,32.03
31.97,60.0,0.0,1.66,0,31.97
0.0,5000.0,0,31.97,1.66,0.0
31.97,60.0,0.0,1.66,0,31.97
31.91,60.0,0.0,1.66,0,31.91
0.0,5000.0,0,31.91,1.66,0.0
31.91,60.0,0.0,1.66,0,31.91
31.85,60.0,0.0,1.66,0,31.85
0.0,5000.0,0,31.85,1.66,0.0
31.85,60.0,0.0,1.66,0,31.85
31.79,60.0,0.0,1.66,0,31.79
0.0,5000.0,0,31.79,1.66,0.0
31.79,60.0,0.0,1.66,0,31.79
31.73,60.0,0.0,1.66,0,31.73
0.0,5000.0,0,31.73,1.66,0.0
31.73,60.0,0.0,1.66,0,31.73
31.67,60.0,0.0,1.66,0,31.67
0.0,5000.0,0,31.67,1.66,0.0
31.67,60.0,0.0,1.66,0,31.67
31.61,60.0,0.0,1.66,0,31.61
0.0,5000.0,0,31.61,1.66,0.0
31.61,60.0,0.0,1.66,0,31.61
31.55,60.0,0.0,1.66,0,31.55
0.0,5000.0,0,31.55,1.66,0.0
31.55,60.0,0.0,1.66,0,31.55
31.48,60.0,0.0,1.66,0,31.48
0.0,5000.0,0,31.48,1.66,0.0
31.48,60.0,0.0,1.66,0,31.48
31.42,60.0,0.0,1.66,0,31.42
0.0,5000.0,0,31.42,1.66,0.0
31.42,60.0,0.0,1.66,0,31.42
31.36,60.0,0.0,1.66,0,31.36
0.0,5000.0,0,31.36,1.66,0.0
31.36,60.0,0.0,1.66,0,31.36
31.29,60.0,0.0,1.66,0,31.29
0.0,5000.0,0,31.29,1.66,0.0
31.29,60.0,0.0,1.66,0,31.29
31.23,60.0,0.0,1.66,0,31.23
0.0,5000.0,0,31.23,1.66,0.0
31.23,60.0,0.0,1.66,0,31.23
31.17,60.0,0.0,1.66,0,31.17
0.0,5000.0,0,31.17,1.66,0.0
31.17,60.0,0.0,1.66,0,31.17
31.1,60.0,0.0,1.66,0,31.1
0.0,5000.0,0,31.1,1.66,0.0
31.1,60.0,0.0,1.66,0,31.1
31.04,60.0,0.0,1.66,0,31.04
0.0,5000.0,0,31.04,1.66,0.0
31.04,60.0,0.0,1.66,0,31.04
30.98,60.0,0.0,1.66,0,30.98
0.0,5000.0,0,30.98,1.66,0.0
30.98,60.0,0.0,1.66,0,30.98
30.91,60.0,0.0,1.66,0,30.91
0.0,5000.0,0,30.91,1.66,0.0
30.91,60.0,0.0,1.66,0,30.91
30.85,60.0,0.0,1.66,0,30.85
0.0,5000.0,0,30.85,1.66,0.0
30.85,60.0,0.0,1.66,0,30.85
30.78,60.0,0.0,1.66,0,30.78
0.0,5000.0,0,30.78,1.66,0.0
30.78,60.0,0.0,1.66,0,30.78
30.72,60.0,0.0,1.66,0,30.72
0.0,5000.0,0,30.72,1.66,0.0
30.72,60.0,0.0,1.66,0,30.72
31.36,60.0,87066.0,3.55,0,53.1265
87066.0,5000.0,0,31.36,3.55,87066.0
31.36,60.0,87066.0,3.55,0,53.1265
31.42,60.0,87318.0,3.55,0,53.2495
87318.0,5000.0,0,31.42,3.55,87318.0
31.42,60.0,87318.0,3.55,0,53.2495
31.48,60.0,87944.0,3.55,0,53.466
87944.0,5000.0,0,31.48,3.55,87944.0
31.48,60.0,87944.0,3.55,0,53.466
31.55,60.0,89120.0,3.55,0,53.83
89120.0,5000.0,0,31.55,3.55,89120.0
31.55,60.0,89120.0,3.55,0,53.83
31.61,60.0,88748.0,3.55,0,53.797
88748.0,5000.0,0,31.61,3.55,88748.0
31.61,60.0,88748.0,3.55,0,53.797
31.67,60.0,90803.0,3.55,0,54.37075
90803.0,5000.0,0,31.67,3.55,90803.0
31.67,60.0,90803.0,3.55,0,54.37075
31.73,60.0,91293.0,3.55,0,54.553250000000006
91293.0,5000.0,0,31.73,3.55,91293.0
31.73,60.0,91293.0,3.55,0,54.553250000000006
31.79,60.0,91738.0,3.55,0,54.7245
91738.0,5000.0,0,31.79,3.55,91738.0
31.79,60.0,91738.0,3.55,0,54.7245
31.85,60.0,92641.0,3.55,0,55.01025
92641.0,5000.0,0,31.85,3.55,92641.0
31.85,60.0,92641.0,3.55,0,55.01025
31.91,60.0,92694.0,3.55,0,55.0835
92694.0,5000.0,0,31.91,3.55,92694.0
31.91,60.0,92694.0,3.55,0,55.0835
31.97,60.0,92718.0,3.55,0,55.1495
92718.0,5000.0,0,31.97,3.55,92718.0
31.97,60.0,92718.0,3.55,0,55.1495
32.03,60.0,93165.0,3.55,0,55.321250000000006
93165.0,5000.0,0,32.03,3.55,93165.0
32.03,60.0,93165.0,3.55,0,55.321250000000006
32.09,60.0,93652.0,3.55,0,55.503
93652.0,5000.0,0,32.09,3.55,93652.0
32.09,60.0,93652.0,3.55,0,55.503
32.15,60.0,93950.0,3.55,0,55.6375
93950.0,5000.0,0,32.15,3.55,93950.0
32.15,60.0,93950.0,3.55,0,55.6375
32.21,60.0,93807.0,3.55,0,55.66175
93807.0,5000.0,0,32.21,3.55,93807.0
32.21,60.0,93807.0,3.55,0,55.66175
32.27,60.0,94690.0,3.55,0,55.9425
94690.0,5000.0,0,32.27,3.55,94690.0
32.27,60.0,94690.0,3.55,0,55.9425
32.33,60.0,95452.0,3.55,0,56.193
95452.0,5000.0,0,32.33,3.55,95452.0
32.33,60.0,95452.0,3.55,0,56.193
32.39,60.0,96825.0,3.55,0,56.59625
96825.0,5000.0,0,32.39,3.55,96825.0
32.39,60.0,96825.0,3.55,0,56.59625
32.44,60.0,96986.0,3.55,0,56.686499999999995
96986.0,5000.0,0,32.44,3.55,96986.0
32.44,60.0,96986.0,3.55,0,56.686499999999995
32.5,60.0,95733.0,3.55,0,56.43325
95733.0,5000.0,0,32.5,3.55,95733.0
32.5,60.0,95733.0,3.55,0,56.43325
32.56,60.0,97105.0,3.55,0,56.83625000000001
97105.0,5000.0,0,32.56,3.55,97105.0
32.56,60.0,97105.0,3.55,0,56.83625000000001
32.61,60.0,97511.0,3.55,0,56.98775
97511.0,5000.0,0,32.61,3.55,97511.0
32.61,60.0,97511.0,3.55,0,56.98775
32.67,60.0,96838.0,3.55,0,56.8795
96838.0,5000.0,0,32.67,3.55,96838.0
32.67,60.0,96838.0,3.55,0,56.8795
32.72,60.0,96983.0,3.55,0,56.96575
96983.0,5000.0,0,32.72,3.55,96983.0
32.72,60.0,96983.0,3.55,0,56.96575
32.78,60.0,98322.0,3.55,0,57.3605
98322.0,5000.0,0,32.78,3.55,98322.0
32.78,60.0,98322.0,3.55,0,57.3605
32.83,60.0,97699.0,3.55,0,57.25475
97699.0,5000.0,0,32.83,3.55,97699.0
32.83,60.0,97699.0,3.55,0,57.25475
32.89,60.0,97906.0,3.55,0,57.3665
97906.0,5000.0,0,32.89,3.55,97906.0
32.89,60.0,97906.0,3.55,0,57.3665
32.94,60.0,97838.0,3.55,0,57.399499999999996
97838.0,5000.0,0,32.94,3.55,97838.0
32.94,60.0,97838.0,3.55,0,57.399499999999996
32.99,60.0,98665.0,3.55,0,57.65625
98665.0,5000.0,0,32.99,3.55,98665.0
32.99,60.0,98665.0,3.55,0,57.65625
33.04,60.0,99692.0,3.55,0,57.962999999999994
99692.0,5000.0,0,33.04,3.55,99692.0
33.04,60.0,99692.0,3.55,0,57.962999999999994
33.1,60.0,99970.0,3.55,0,58.0925
99970.0,5000.0,0,33.1,3.55,99970.0
33.1,60.0,99970.0,3.55,0,58.0925
33.15,60.0,100143.0,3.55,0,58.18575
100143.0,5000.0,0,33.15,3.55,100143.0
33.15,60.0,100143.0,3.55,0,58.18575
33.2,60.0,100471.0,3.55,0,58.317750000000004
100471.0,5000.0,0,33.2,3.55,100471.0
33.2,60.0,100471.0,3.55,0,58.317750000000004
33.25,60.0,98917.0,3.55,0,57.97925
98917.0,5000.0,0,33.25,3.55,98917.0
33.25,60.0,98917.0,3.55,0,57.97925
33.3,60.0,99628.0,3.55,0,58.206999999999994
99628.0,5000.0,0,33.3,3.55,99628.0
33.3,60.0,99628.0,3.55,0,58.206999999999994
33.35,60.0,99739.0,3.55,0,58.28475
99739.0,5000.0,0,33.35,3.55,99739.0
33.35,60.0,99739.0,3.55,0,58.28475
33.39,60.0,100132.0,3.55,0,58.423
100132.0,5000.0,0,33.39,3.55,100132.0
33.39,60.0,100132.0,3.55,0,58.423
31.36,60.0,87660.0,1.42,0,53.275
87660.0,5000.0,0,31.36,1.42,87660.0
31.36,60.0,87660.0,1.42,0,53.275
31.42,60.0,87488.0,1.42,0,53.292
87488.0,5000.0,0,31.42,1.42,87488.0
31.42,60.0,87488.0,1.42,0,53.292
31.48,60.0,88349.0,1.42,0,53.56725
88349.0,5000.0,0,31.48,1.42,88349.0
31.48,60.0,88349.0,1.42,0,53.56725
31.36,60.0,86921.0,1.42,0,53.09025
86921.0,5000.0,0,31.36,1.42,86921.0
31.36,60.0,86921.0,1.42,0,53.09025
31.42,60.0,87072.0,1.42,0,53.188
87072.0,5000.0,0,31.42,1.42,87072.0
31.42,60.0,87072.0,1.42,0,53.188
31.48,60.0,88978.0,1.42,0,53.7245
88978.0,5000.0,0,31.48,1.42,88978.0
31.48,60.0,88978.0,1.42,0,53.7245
31.55,60.0,88683.0,1.42,0,53.72075
88683.0,5000.0,0,31.55,1.42,88683.0
31.55,60.0,88683.0,1.42,0,53.72075
31.61,60.0,90434.0,1.42,0,54.2185
90434.0,5000.0,0,31.61,1.42,90434.0
31.61,60.0,90434.0,1.42,0,54.2185
31.67,60.0,90001.0,1.42,0,54.17025
90001.0,5000.0,0,31.67,1.42,90001.0
31.67,60.0,90001.0,1.42,0,54.17025
31.73,60.0,89948.0,1.42,0,54.217
89948.0,5000.0,0,31.73,1.42,89948.0
31.73,60.0,89948.0,1.42,0,54.217
31.79,60.0,90536.0,1.42,0,54.424
90536.0,5000.0,0,31.79,1.42,90536.0
31.79,60.0,90536.0,1.42,0,54.424
31.85,60.0,91467.0,1.42,0,54.716750000000005
91467.0,5000.0,0,31.85,1.42,91467.0
31.85,60.0,91467.0,1.42,0,54.716750000000005
31.91,60.0,92655.0,1.42,0,55.073750000000004
92655.0,5000.0,0,31.91,1.42,92655.0
31.91,60.0,92655.0,1.42,0,55.073750000000004
31.97,60.0,93320.0,1.42,0,55.3
93320.0,5000.0,0,31.97,1.42,93320.0
31.97,60.0,93320.0,1.42,0,55.3
32.03,60.0,93289.0,1.42,0,55.35225
93289.0,5000.0,0,32.03,1.42,93289.0
32.03,60.0,93289.0,1.42,0,55.35225
32.09,60.0,93975.0,1.42,0,55.58375
93975.0,5000.0,0,32.09,1.42,93975.0
32.09,60.0,93975.0,1.42,0,55.58375
32.15,60.0,95237.0,1.42,0,55.95925
95237.0,5000.0,0,32.15,1.42,95237.0
32.15,60.0,95237.0,1.42,0,55.95925
32.21,60.0,94658.0,1.42,0,55.8745
94658.0,5000.0,0,32.21,1.42,94658.0
32.21,60.0,94658.0,1.42,0,55.8745
31.36,60.0,86825.0,1.42,0,53.06625
86825.0,5000.0,0,31.36,1.42,86825.0
31.36,60.0,86825.0,1.42,0,53.06625
31.42,60.0,87491.0,1.42,0,53.29275
87491.0,5000.0,0,31.42,1.42,87491.0
31.42,60.0,87491.0,1.42,0,53.29275
31.48,60.0,88426.0,1.42,0,53.5865
88426.0,5000.0,0,31.48,1.42,88426.0
31.48,60.0,88426.0,1.42,0,53.5865
31.55,60.0,88420.0,1.42,0,53.655
88420.0,5000.0,0,31.55,1.42,88420.0
31.55,60.0,88420.0,1.42,0,53.655
31.61,60.0,88895.0,1.42,0,53.833749999999995
88895.0,5000.0,0,31.61,1.42,88895.0
31.61,60.0,88895.0,1.42,0,53.833749999999995
31.67,60.0,91243.0,1.42,0,54.48075
91243.0,5000.0,0,31.67,1.42,91243.0
31.67,60.0,91243.0,1.42,0,54.48075
31.73,60.0,91231.0,1.42,0,54.53775
91231.0,5000.0,0,31.73,1.42,91231.0
31.73,60.0,91231.0,1.42,0,54.53775
31.79,60.0,91702.0,1.42,0,54.7155
91702.0,5000.0,0,31.79,1.42,91702.0
31.79,60.0,91702.0,1.42,0,54.7155
31.85,60.0,91818.0,1.42,0,54.804500000000004
91818.0,5000.0,0,31.85,1.42,91818.0
31.85,60.0,91818.0,1.42,0,54.804500000000004
31.91,60.0,92189.0,1.42,0,54.95725
92189.0,5000.0,0,31.91,1.42,92189.0
31.91,60.0,92189.0,1.42,0,54.95725
31.97,60.0,93083.0,1.42,0,55.24075
93083.0,5000.0,0,31.97,1.42,93083.0
31.97,60.0,93083.0,1.42,0,55.24075
32.03,60.0,94085.0,1.42,0,55.551249999999996
94085.0,5000.0,0,32.03,1.42,94085.0
32.03,60.0,94085.0,1.42,0,55.551249999999996
32.09,60.0,92915.0,1.42,0,55.31875000000001
92915.0,5000.0,0,32.09,1.42,92915.0
32.09,60.0,92915.0,1.42,0,55.31875000000001
32.15,60.0,94279.0,1.42,0,55.71975
94279.0,5000.0,0,32.15,1.42,94279.0
32.15,60.0,94279.0,1.42,0,55.71975
32.21,60.0,95548.0,1.42,0,56.097
95548.0,5000.0,0,32.21,1.42,95548.0
32.21,60.0,95548.0,1.42,0,56.097
32.27,60.0,95394.0,1.42,0,56.118500000000004
95394.0,5000.0,0,32.27,1.42,95394.0
32.27,60.0,95394.0,1.42,0,56.118500000000004
32.33,60.0,94744.0,1.42,0,56.016
94744.0,5000.0,0,32.33,1.42,94744.0
32.33,60.0,94744.0,1.42,0,56.016
32.39,60.0,96858.0,1.42,0,56.6045
96858.0,5000.0,0,32.39,1.42,96858.0
32.39,60.0,96858.0,1.42,0,56.6045
32.44,60.0,97002.0,1.42,0,56.6905
97002.0,5000.0,0,32.44,1.42,97002.0
32.44,60.0,97002.0,1.42,0,56.6905
32.5,60.0,97036.0,1.42,0,56.759
97036.0,5000.0,0,32.5,1.42,97036.0
32.5,60.0,97036.0,1.42,0,56.759
32.56,60.0,96581.0,1.42,0,56.70525000000001
96581.0,5000.0,0,32.56,1.42,96581.0
32.56,60.0,96581.0,1.42,0,56.70525000000001
32.61,60.0,96791.0,1.42,0,56.80775
96791.0,5000.0,0,32.61,1.42,96791.0
32.61,60.0,96791.0,1.42,0,56.80775
32.67,60.0,98247.0,1.42,0,57.231750000000005
98247.0,5000.0,0,32.67,1.42,98247.0
32.67,60.0,98247.0,1.42,0,57.231750000000005
32.72,60.0,97554.0,1.42,0,57.1085
97554.0,5000.0,0,32.72,1.42,97554.0
32.72,60.0,97554.0,1.42,0,57.1085
32.78,60.0,97400.0,1.42,0,57.13
97400.0,5000.0,0,32.78,1.42,97400.0
32.78,60.0,97400.0,1.42,0,57.13
32.83,60.0,98584.0,1.42,0,57.476
98584.0,5000.0,0,32.83,1.42,98584.0
32.83,60.0,98584.0,1.42,0,57.476
32.89,60.0,99409.0,1.42,0,57.74225
99409.0,5000.0,0,32.89,1.42,99409.0
32.89,60.0,99409.0,1.42,0,57.74225
32.94,60.0,99505.0,1.42,0,57.81625
99505.0,5000.0,0,32.94,1.42,99505.0
32.94,60.0,99505.0,1.42,0,57.81625
32.99,60.0,98449.0,1.42,0,57.60225
98449.0,5000.0,0,32.99,1.42,98449.0
32.99,60.0,98449.0,1.42,0,57.60225
33.04,60.0,99506.0,1.42,0,57.9165
99506.0,5000.0,0,33.04,1.42,99506.0
33.04,60.0,99506.0,1.42,0,57.9165
33.1,60.0,100050.0,1.42,0,58.1125
100050.0,5000.0,0,33.1,1.42,100050.0
33.1,60.0,100050.0,1.42,0,58.1125
33.15,60.0,98942.0,1.42,0,57.88549999999999
98942.0,5000.0,0,33.15,1.42,98942.0
33.15,60.0,98942.0,1.42,0,57.88549999999999
33.2,60.0,100470.0,1.42,0,58.3175
100470.0,5000.0,0,33.2,1.42,100470.0
33.2,60.0,100470.0,1.42,0,58.3175
33.25,60.0,100383.0,1.42,0,58.345749999999995
100383.0,5000.0,0,33.25,1.42,100383.0
33.25,60.0,100383.0,1.42,0,58.345749999999995
33.3,60.0,99371.0,1.42,0,58.14274999999999
99371.0,5000.0,0,33.3,1.42,99371.0
33.3,60.0,99371.0,1.42,0,58.14274999999999
33.35,60.0,99447.0,1.42,0,58.21175
99447.0,5000.0,0,33.35,1.42,99447.0
33.35,60.0,99447.0,1.42,0,58.21175
33.39,60.0,100500.0,1.42,0,58.515
100500.0,5000.0,0,33.39,1.42,100500.0
33.39,60.0,100500.0,1.42,0,58.515
33.44,60.0,99391.0,1.42,0,58.28775
99391.0,5000.0,0,33.44,1.42,99391.0
33.44,60.0,99391.0,1.42,0,58.28775
33.49,60.0,99809.0,1.42,0,58.44225
99809.0,5000.0,0,33.49,1.42,99809.0
33.49,60.0,99809.0,1.42,0,58.44225
33.54,60.0,100060.0,1.42,0,58.555
100060.0,5000.0,0,33.54,1.42,100060.0
33.54,60.0,100060.0,1.42,0,58.555
33.58,60.0,100597.0,1.42,0,58.72924999999999
100597.0,5000.0,0,33.58,1.42,100597.0
33.58,60.0,100597.0,1.42,0,58.72924999999999
33.63,60.0,100148.0,1.42,0,58.667
100148.0,5000.0,0,33.63,1.42,100148.0
33.63,60.0,100148.0,1.42,0,58.667
33.67,60.0,99219.0,1.42,0,58.47475
99219.0,5000.0,0,33.67,1.42,99219.0
33.67,60.0,99219.0,1.42,0,58.47475
33.72,60.0,100196.0,1.42,0,58.769
100196.0,5000.0,0,33.72,1.42,100196.0
33.72,60.0,100196.0,1.42,0,58.769
33.76,60.0,99185.0,1.42,0,58.55625
99185.0,5000.0,0,33.76,1.42,99185.0
33.76,60.0,99185.0,1.42,0,58.55625
33.8,60.0,100615.0,1.42,0,58.95375
100615.0,5000.0,0,33.8,1.42,100615.0
33.8,60.0,100615.0,1.42,0,58.95375
33.84,60.0,100309.0,1.42,0,58.91725
100309.0,5000.0,0,33.84,1.42,100309.0
33.84,60.0,100309.0,1.42,0,58.91725
33.89,60.0,99093.0,1.42,0,58.663250000000005
99093.0,5000.0,0,33.89,1.42,99093.0
33.89,60.0,99093.0,1.42,0,58.663250000000005
33.93,60.0,98742.0,1.42,0,58.6155
98742.0,5000.0,0,33.93,1.42,98742.0
33.93,60.0,98742.0,1.42,0,58.6155
33.97,60.0,99683.0,1.42,0,58.89075
99683.0,5000.0,0,33.97,1.42,99683.0
33.97,60.0,99683.0,1.42,0,58.89075
34.01,60.0,99902.0,1.42,0,58.9855
99902.0,5000.0,0,34.01,1.42,99902.0
34.01,60.0,99902.0,1.42,0,58.9855
34.05,60.0,98487.0,1.42,0,58.671749999999996
98487.0,5000.0,0,34.05,1.42,98487.0
34.05,60.0,98487.0,1.42,0,58.671749999999996
34.08,60.0,99320.0,1.42,0,58.91
99320.0,5000.0,0,34.08,1.42,99320.0
34.08,60.0,99320.0,1.42,0,58.91
34.12,60.0,98731.0,1.42,0,58.802749999999996
98731.0,5000.0,0,34.12,1.42,98731.0
34.12,60.0,98731.0,1.42,0,58.802749999999996
34.16,60.0,97541.0,1.42,0,58.545249999999996
97541.0,5000.0,0,34.16,1.42,97541.0
34.16,60.0,97541.0,1.42,0,58.545249999999996
34.19,60.0,98650.0,1.42,0,58.8525
98650.0,5000.0,0,34.19,1.42,98650.0
34.19,60.0,98650.0,1.42,0,58.8525
34.23,60.0,97631.0,1.42,0,58.63775
97631.0,5000.0,0,34.23,1.42,97631.0
34.23,60.0,97631.0,1.42,0,58.63775
34.26,60.0,98103.0,1.42,0,58.78574999999999
98103.0,5000.0,0,34.26,1.42,98103.0
34.26,60.0,98103.0,1.42,0,58.78574999999999
34.3,60.0,97616.0,1.42,0,58.70399999999999
97616.0,5000.0,0,34.3,1.42,97616.0
34.3,60.0,97616.0,1.42,0,58.70399999999999
34.33,60.0,97128.0,1.42,0,58.611999999999995
97128.0,5000.0,0,34.33,1.42,97128.0
34.33,60.0,97128.0,1.42,0,58.611999999999995
34.36,60.0,96952.0,1.42,0,58.598
96952.0,5000.0,0,34.36,1.42,96952.0
34.36,60.0,96952.0,1.42,0,58.598
34.39,60.0,96632.0,1.42,0,58.548
96632.0,5000.0,0,34.39,1.42,96632.0
34.39,60.0,96632.0,1.42,0,58.548
34.42,60.0,96402.0,1.42,0,58.5205
96402.0,5000.0,0,34.42,1.42,96402.0
34.42,60.0,96402.0,1.42,0,58.5205
34.46,60.0,94932.0,1.42,0,58.193
94932.0,5000.0,0,34.46,1.42,94932.0
34.46,60.0,94932.0,1.42,0,58.193
34.48,60.0,94123.0,1.42,0,58.01075
94123.0,5000.0,0,34.48,1.42,94123.0
34.48,60.0,94123.0,1.42,0,58.01075
34.51,60.0,93647.0,1.42,0,57.92175
93647.0,5000.0,0,34.51,1.42,93647.0
34.51,60.0,93647.0,1.42,0,57.92175
34.54,60.0,93930.0,1.42,0,58.0225
93930.0,5000.0,0,34.54,1.42,93930.0
34.54,60.0,93930.0,1.42,0,58.0225
34.57,60.0,93300.0,1.42,0,57.894999999999996
93300.0,5000.0,0,34.57,1.42,93300.0
34.57,60.0,93300.0,1.42,0,57.894999999999996
34.59,60.0,91933.0,1.42,0,57.57325
91933.0,5000.0,0,34.59,1.42,91933.0
34.59,60.0,91933.0,1.42,0,57.57325
34.62,60.0,93021.0,1.42,0,57.875249999999994
93021.0,5000.0,0,34.62,1.42,93021.0
34.62,60.0,93021.0,1.42,0,57.875249999999994
34.64,60.0,92518.0,1.42,0,57.7695
92518.0,5000.0,0,34.64,1.42,92518.0
34.64,60.0,92518.0,1.42,0,57.7695
34.67,60.0,91584.0,1.42,0,57.566
91584.0,5000.0,0,34.67,1.42,91584.0
34.67,60.0,91584.0,1.42,0,57.566
34.69,60.0,90050.0,1.42,0,57.2025
90050.0,5000.0,0,34.69,1.42,90050.0
34.69,60.0,90050.0,1.42,0,57.2025
34.71,60.0,90269.0,1.42,0,57.27725
90269.0,5000.0,0,34.71,1.42,90269.0
34.71,60.0,90269.0,1.42,0,57.27725
34.73,60.0,89137.0,1.42,0,57.01425
89137.0,5000.0,0,34.73,1.42,89137.0
34.73,60.0,89137.0,1.42,0,57.01425
34.76,60.0,88887.0,1.42,0,56.98175
88887.0,5000.0,0,34.76,1.42,88887.0
34.76,60.0,88887.0,1.42,0,56.98175
34.78,60.0,88707.0,1.42,0,56.95675
88707.0,5000.0,0,34.78,1.42,88707.0
34.78,60.0,88707.0,1.42,0,56.95675
34.79,60.0,87285.0,1.42,0,56.61125
87285.0,5000.0,0,34.79,1.42,87285.0
34.79,60.0,87285.0,1.42,0,56.61125
34.81,60.0,87842.0,1.42,0,56.7705
87842.0,5000.0,0,34.81,1.42,87842.0
34.81,60.0,87842.0,1.42,0,56.7705
34.83,60.0,86640.0,1.42,0,56.489999999999995
86640.0,5000.0,0,34.83,1.42,86640.0
34.83,60.0,86640.0,1.42,0,56.489999999999995
34.85,60.0,85669.0,1.42,0,56.267250000000004
85669.0,5000.0,0,34.85,1.42,85669.0
34.85,60.0,85669.0,1.42,0,56.267250000000004
34.86,60.0,84754.0,1.42,0,56.048500000000004
84754.0,5000.0,0,34.86,1.42,84754.0
34.86,60.0,84754.0,1.42,0,56.048500000000004
34.88,60.0,84876.0,1.42,0,56.099000000000004
84876.0,5000.0,0,34.88,1.42,84876.0
34.88,60.0,84876.0,1.42,0,56.099000000000004
34.89,60.0,84342.0,1.42,0,55.9755
84342.0,5000.0,0,34.89,1.42,84342.0
34.89,60.0,84342.0,1.42,0,55.9755
34.9,60.0,82928.0,1.42,0,55.632
82928.0,5000.0,0,34.9,1.42,82928.0
34.9,60.0,82928.0,1.42,0,55.632
34.92,60.0,83304.0,1.42,0,55.746
83304.0,5000.0,0,34.92,1.42,83304.0
34.92,60.0,83304.0,1.42,0,55.746
34.93,60.0,80869.0,1.42,0,55.14725
80869.0,5000.0,0,34.93,1.42,80869.0
34.93,60.0,80869.0,1.42,0,55.14725
34.94,60.0,81338.0,1.42,0,55.274499999999996
81338.0,5000.0,0,34.94,1.42,81338.0
34.94,60.0,81338.0,1.42,0,55.274499999999996
34.95,60.0,79336.0,1.42,0,54.784000000000006
79336.0,5000.0,0,34.95,1.42,79336.0
34.95,60.0,79336.0,1.42,0,54.784000000000006
34.96,60.0,78952.0,1.42,0,54.698
78952.0,5000.0,0,34.96,1.42,78952.0
34.96,60.0,78952.0,1.42,0,54.698
34.97,60.0,77539.0,1.42,0,54.354749999999996
77539.0,5000.0,0,34.97,1.42,77539.0
34.97,60.0,77539.0,1.42,0,54.354749999999996
34.97,60.0,78618.0,1.42,0,54.6245
78618.0,5000.0,0,34.97,1.42,78618.0
34.97,60.0,78618.0,1.42,0,54.6245
31.36,60.0,88131.0,1.42,0,53.39275
88131.0,5000.0,0,31.36,1.42,88131.0
31.36,60.0,88131.0,1.42,0,53.39275
31.42,60.0,88708.0,1.42,0,53.597
88708.0,5000.0,0,31.42,1.42,88708.0
31.42,60.0,88708.0,1.42,0,53.597
31.48,60.0,87923.0,1.42,0,53.460750000000004
87923.0,5000.0,0,31.48,1.42,87923.0
31.48,60.0,87923.0,1.42,0,53.460750000000004
31.55,60.0,89552.0,1.42,0,53.938
89552.0,5000.0,0,31.55,1.42,89552.0
31.55,60.0,89552.0,1.42,0,53.938
31.61,60.0,90031.0,1.42,0,54.11775
90031.0,5000.0,0,31.61,1.42,90031.0
31.61,60.0,90031.0,1.42,0,54.11775
31.67,60.0,90065.0,1.42,0,54.18625
90065.0,5000.0,0,31.67,1.42,90065.0
31.67,60.0,90065.0,1.42,0,54.18625
31.73,60.0,90275.0,1.42,0,54.29875
90275.0,5000.0,0,31.73,1.42,90275.0
31.73,60.0,90275.0,1.42,0,54.29875
31.79,60.0,91571.0,1.42,0,54.68275
91571.0,5000.0,0,31.79,1.42,91571.0
31.79,60.0,91571.0,1.42,0,54.68275
31.85,60.0,91268.0,1.42,0,54.667
91268.0,5000.0,0,31.85,1.42,91268.0
31.85,60.0,91268.0,1.42,0,54.667
31.91,60.0,92749.0,1.42,0,55.09725
92749.0,5000.0,0,31.91,1.42,92749.0
31.91,60.0,92749.0,1.42,0,55.09725
31.97,60.0,92749.0,1.42,0,55.15725
92749.0,5000.0,0,31.97,1.42,92749.0
31.97,60.0,92749.0,1.42,0,55.15725
32.03,60.0,93348.0,1.42,0,55.367000000000004
93348.0,5000.0,0,32.03,1.42,93348.0
32.03,60.0,93348.0,1.42,0,55.367000000000004
32.09,60.0,94523.0,1.42,0,55.72075
94523.0,5000.0,0,32.09,1.42,94523.0
32.09,60.0,94523.0,1.42,0,55.72075
32.15,60.0,93451.0,1.42,0,55.51275
93451.0,5000.0,0,32.15,1.42,93451.0
32.15,60.0,93451.0,1.42,0,55.51275
32.21,60.0,94581.0,1.42,0,55.85525
94581.0,5000.0,0,32.21,1.42,94581.0
32.21,60.0,94581.0,1.42,0,55.85525
32.27,60.0,94996.0,1.42,0,56.019000000000005
94996.0,5000.0,0,32.27,1.42,94996.0
32.27,60.0,94996.0,1.42,0,56.019000000000005
32.33,60.0,96223.0,1.42,0,56.38575
96223.0,5000.0,0,32.33,1.42,96223.0
32.33,60.0,96223.0,1.42,0,56.38575
32.39,60.0,95501.0,1.42,0,56.26525
95501.0,5000.0,0,32.39,1.42,95501.0
32.39,60.0,95501.0,1.42,0,56.26525
32.44,60.0,96553.0,1.42,0,56.57825
96553.0,5000.0,0,32.44,1.42,96553.0
32.44,60.0,96553.0,1.42,0,56.57825
32.5,60.0,96053.0,1.42,0,56.51325
96053.0,5000.0,0,32.5,1.42,96053.0
32.5,60.0,96053.0,1.42,0,56.51325
32.56,60.0,96591.0,1.42,0,56.707750000000004
96591.0,5000.0,0,32.56,1.42,96591.0
32.56,60.0,96591.0,1.42,0,56.707750000000004
32.61,60.0,96467.0,1.42,0,56.726749999999996
96467.0,5000.0,0,32.61,1.42,96467.0
32.61,60.0,96467.0,1.42,0,56.726749999999996
32.67,60.0,98247.0,1.42,0,57.231750000000005
98247.0,5000.0,0,32.67,1.42,98247.0
32.67,60.0,98247.0,1.42,0,57.231750000000005
32.72,60.0,96969.0,1.42,0,56.96225
96969.0,5000.0,0,32.72,1.42,96969.0
32.72,60.0,96969.0,1.42,0,56.96225
32.78,60.0,98670.0,1.42,0,57.447500000000005
98670.0,5000.0,0,32.78,1.42,98670.0
32.78,60.0,98670.0,1.42,0,57.447500000000005
32.83,60.0,98105.0,1.42,0,57.35625
98105.0,5000.0,0,32.83,1.42,98105.0
32.83,60.0,98105.0,1.42,0,57.35625
32.89,60.0,99223.0,1.42,0,57.695750000000004
99223.0,5000.0,0,32.89,1.42,99223.0
32.89,60.0,99223.0,1.42,0,57.695750000000004
32.94,60.0,98668.0,1.42,0,57.607
98668.0,5000.0,0,32.94,1.42,98668.0
32.94,60.0,98668.0,1.42,0,57.607
32.99,60.0,99202.0,1.42,0,57.7905
99202.0,5000.0,0,32.99,1.42,99202.0
32.99,60.0,99202.0,1.42,0,57.7905
33.04,60.0,99409.0,1.42,0,57.892250000000004
99409.0,5000.0,0,33.04,1.42,99409.0
33.04,60.0,99409.0,1.42,0,57.892250000000004
33.1,60.0,98731.0,1.42,0,57.78275
98731.0,5000.0,0,33.1,1.42,98731.0
33.1,60.0,98731.0,1.42,0,57.78275
33.15,60.0,99961.0,1.42,0,58.140249999999995
99961.0,5000.0,0,33.15,1.42,99961.0
33.15,60.0,99961.0,1.42,0,58.140249999999995
33.2,60.0,99162.0,1.42,0,57.990500000000004
99162.0,5000.0,0,33.2,1.42,99162.0
33.2,60.0,99162.0,1.42,0,57.990500000000004
33.25,60.0,98917.0,1.42,0,57.97925
98917.0,5000.0,0,33.25,1.42,98917.0
33.25,60.0,98917.0,1.42,0,57.97925
33.3,60.0,100540.0,1.42,0,58.435
100540.0,5000.0,0,33.3,1.42,100540.0
33.3,60.0,100540.0,1.42,0,58.435
33.35,60.0,99948.0,1.42,0,58.337
99948.0,5000.0,0,33.35,1.42,99948.0
33.35,60.0,99948.0,1.42,0,58.337
33.39,60.0,100013.0,1.42,0,58.39325
100013.0,5000.0,0,33.39,1.42,100013.0
33.39,60.0,100013.0,1.42,0,58.39325
33.44,60.0,99698.0,1.42,0,58.36449999999999
99698.0,5000.0,0,33.44,1.42,99698.0
33.44,60.0,99698.0,1.42,0,58.36449999999999
33.49,60.0,99955.0,1.42,0,58.478750000000005
99955.0,5000.0,0,33.49,1.42,99955.0
33.49,60.0,99955.0,1.42,0,58.478750000000005
33.54,60.0,100036.0,1.42,0,58.549
100036.0,5000.0,0,33.54,1.42,100036.0
33.54,60.0,100036.0,1.42,0,58.549
33.58,60.0,99380.0,1.42,0,58.425
99380.0,5000.0,0,33.58,1.42,99380.0
33.58,60.0,99380.0,1.42,0,58.425
33.63,60.0,99916.0,1.42,0,58.609
99916.0,5000.0,0,33.63,1.42,99916.0
33.63,60.0,99916.0,1.42,0,58.609
33.67,60.0,99095.0,1.42,0,58.44375
99095.0,5000.0,0,33.67,1.42,99095.0
33.67,60.0,99095.0,1.42,0,58.44375
33.72,60.0,100165.0,1.42,0,58.761250000000004
100165.0,5000.0,0,33.72,1.42,100165.0
33.72,60.0,100165.0,1.42,0,58.761250000000004
33.76,60.0,100523.0,1.42,0,58.89075
100523.0,5000.0,0,33.76,1.42,100523.0
33.76,60.0,100523.0,1.42,0,58.89075
33.8,60.0,100119.0,1.42,0,58.82975
100119.0,5000.0,0,33.8,1.42,100119.0
33.8,60.0,100119.0,1.42,0,58.82975
33.84,60.0,99106.0,1.42,0,58.6165
99106.0,5000.0,0,33.84,1.42,99106.0
33.84,60.0,99106.0,1.42,0,58.6165
33.89,60.0,100385.0,1.42,0,58.98625
100385.0,5000.0,0,33.89,1.42,100385.0
33.89,60.0,100385.0,1.42,0,58.98625
33.93,60.0,98871.0,1.42,0,58.64775
98871.0,5000.0,0,33.93,1.42,98871.0
33.93,60.0,98871.0,1.42,0,58.64775
33.97,60.0,100112.0,1.42,0,58.998
100112.0,5000.0,0,33.97,1.42,100112.0
33.97,60.0,100112.0,1.42,0,58.998
34.01,60.0,99218.0,1.42,0,58.814499999999995
99218.0,5000.0,0,34.01,1.42,99218.0
34.01,60.0,99218.0,1.42,0,58.814499999999995
34.05,60.0,98291.0,1.42,0,58.622749999999996
98291.0,5000.0,0,34.05,1.42,98291.0
34.05,60.0,98291.0,1.42,0,58.622749999999996
34.08,60.0,98099.0,1.42,0,58.604749999999996
98099.0,5000.0,0,34.08,1.42,98099.0
34.08,60.0,98099.0,1.42,0,58.604749999999996
34.12,60.0,98538.0,1.42,0,58.75449999999999
98538.0,5000.0,0,34.12,1.42,98538.0
34.12,60.0,98538.0,1.42,0,58.75449999999999
34.16,60.0,97554.0,1.42,0,58.5485
97554.0,5000.0,0,34.16,1.42,97554.0
34.16,60.0,97554.0,1.42,0,58.5485
34.19,60.0,97909.0,1.42,0,58.667249999999996
97909.0,5000.0,0,34.19,1.42,97909.0
34.19,60.0,97909.0,1.42,0,58.667249999999996
34.23,60.0,97106.0,1.42,0,58.506499999999996
97106.0,5000.0,0,34.23,1.42,97106.0
34.23,60.0,97106.0,1.42,0,58.506499999999996
34.26,60.0,97367.0,1.42,0,58.601749999999996
97367.0,5000.0,0,34.26,1.42,97367.0
34.26,60.0,97367.0,1.42,0,58.601749999999996
34.3,60.0,97606.0,1.42,0,58.701499999999996
97606.0,5000.0,0,34.3,1.42,97606.0
34.3,60.0,97606.0,1.42,0,58.701499999999996
34.33,60.0,95685.0,1.42,0,58.25125
95685.0,5000.0,0,34.33,1.42,95685.0
34.33,60.0,95685.0,1.42,0,58.25125
34.36,60.0,97171.0,1.42,0,58.65275
97171.0,5000.0,0,34.36,1.42,97171.0
34.36,60.0,97171.0,1.42,0,58.65275
34.39,60.0,95238.0,1.42,0,58.1995
95238.0,5000.0,0,34.39,1.42,95238.0
34.39,60.0,95238.0,1.42,0,58.1995
34.42,60.0,95671.0,1.42,0,58.33775
95671.0,5000.0,0,34.42,1.42,95671.0
34.42,60.0,95671.0,1.42,0,58.33775
34.46,60.0,95204.0,1.42,0,58.260999999999996
95204.0,5000.0,0,34.46,1.42,95204.0
34.46,60.0,95204.0,1.42,0,58.260999999999996
34.48,60.0,94000.0,1.42,0,57.98
94000.0,5000.0,0,34.48,1.42,94000.0
34.48,60.0,94000.0,1.42,0,57.98
34.51,60.0,93446.0,1.42,0,57.8715
93446.0,5000.0,0,34.51,1.42,93446.0
34.51,60.0,93446.0,1.42,0,57.8715
34.54,60.0,93446.0,1.42,0,57.9015
93446.0,5000.0,0,34.54,1.42,93446.0
34.54,60.0,93446.0,1.42,0,57.9015
34.57,60.0,93554.0,1.42,0,57.9585
93554.0,5000.0,0,34.57,1.42,93554.0
34.57,60.0,93554.0,1.42,0,57.9585
34.59,60.0,93626.0,1.42,0,57.996500000000005
93626.0,5000.0,0,34.59,1.42,93626.0
34.59,60.0,93626.0,1.42,0,57.996500000000005
34.62,60.0,91755.0,1.42,0,57.558749999999996
91755.0,5000.0,0,34.62,1.42,91755.0
34.62,60.0,91755.0,1.42,0,57.558749999999996
34.64,60.0,92536.0,1.42,0,57.774
92536.0,5000.0,0,34.64,1.42,92536.0
34.64,60.0,92536.0,1.42,0,57.774
34.67,60.0,91499.0,1.42,0,57.54475
91499.0,5000.0,0,34.67,1.42,91499.0
34.67,60.0,91499.0,1.42,0,57.54475
34.69,60.0,90869.0,1.42,0,57.40725
90869.0,5000.0,0,34.69,1.42,90869.0
34.69,60.0,90869.0,1.42,0,57.40725
34.71,60.0,91200.0,1.42,0,57.510000000000005
91200.0,5000.0,0,34.71,1.42,91200.0
34.71,60.0,91200.0,1.42,0,57.510000000000005
34.73,60.0,89354.0,1.42,0,57.0685
89354.0,5000.0,0,34.73,1.42,89354.0
34.73,60.0,89354.0,1.42,0,57.0685
34.76,60.0,88875.0,1.42,0,56.97875
88875.0,5000.0,0,34.76,1.42,88875.0
34.76,60.0,88875.0,1.42,0,56.97875
34.78,60.0,87655.0,1.42,0,56.69375
87655.0,5000.0,0,34.78,1.42,87655.0
34.78,60.0,87655.0,1.42,0,56.69375
34.79,60.0,88854.0,1.42,0,57.0035
88854.0,5000.0,0,34.79,1.42,88854.0
34.79,60.0,88854.0,1.42,0,57.0035
34.81,60.0,87283.0,1.42,0,56.630750000000006
87283.0,5000.0,0,34.81,1.42,87283.0
34.81,60.0,87283.0,1.42,0,56.630750000000006
34.83,60.0,86728.0,1.42,0,56.512
86728.0,5000.0,0,34.83,1.42,86728.0
34.83,60.0,86728.0,1.42,0,56.512
34.85,60.0,85904.0,1.42,0,56.326
85904.0,5000.0,0,34.85,1.42,85904.0
34.85,60.0,85904.0,1.42,0,56.326
34.86,60.0,85582.0,1.42,0,56.2555
85582.0,5000.0,0,34.86,1.42,85582.0
34.86,60.0,85582.0,1.42,0,56.2555
34.88,60.0,84059.0,1.42,0,55.89475
84059.0,5000.0,0,34.88,1.42,84059.0
34.88,60.0,84059.0,1.42,0,55.89475
34.89,60.0,84624.0,1.42,0,56.046
84624.0,5000.0,0,34.89,1.42,84624.0
34.89,60.0,84624.0,1.42,0,56.046
34.9,60.0,83783.0,1.42,0,55.845749999999995
83783.0,5000.0,0,34.9,1.42,83783.0
34.9,60.0,83783.0,1.42,0,55.845749999999995
34.92,60.0,82856.0,1.42,0,55.634
82856.0,5000.0,0,34.92,1.42,82856.0
34.92,60.0,82856.0,1.42,0,55.634
34.93,60.0,82333.0,1.42,0,55.51325
82333.0,5000.0,0,34.93,1.42,82333.0
34.93,60.0,82333.0,1.42,0,55.51325
34.94,60.0,81834.0,1.42,0,55.3985
81834.0,5000.0,0,34.94,1.42,81834.0
34.94,60.0,81834.0,1.42,0,55.3985
34.95,60.0,79359.0,1.42,0,54.78975
79359.0,5000.0,0,34.95,1.42,79359.0
34.95,60.0,79359.0,1.42,0,54.78975
34.96,60.0,79447.0,1.42,0,54.82175
79447.0,5000.0,0,34.96,1.42,79447.0
34.96,60.0,79447.0,1.42,0,54.82175
34.97,60.0,78424.0,1.42,0,54.576
78424.0,5000.0,0,34.97,1.42,78424.0
34.97,60.0,78424.0,1.42,0,54.576
34.97,60.0,78683.0,1.42,0,54.64075
78683.0,5000.0,0,34.97,1.42,78683.0
34.97,60.0,78683.0,1.42,0,54.64075
34.98,60.0,77466.0,1.42,0,54.34649999999999
77466.0,5000.0,0,34.98,1.42,77466.0
34.98,60.0,77466.0,1.42,0,54.34649999999999
34.98,60.0,76378.0,1.42,0,54.0745
76378.0,5000.0,0,34.98,1.42,76378.0
34.98,60.0,76378.0,1.42,0,54.0745
34.99,60.0,74404.0,1.42,0,53.591
74404.0,5000.0,0,34.99,1.42,74404.0
34.99,60.0,74404.0,1.42,0,53.591
34.99,60.0,74317.0,1.42,0,53.56925
74317.0,5000.0,0,34.99,1.42,74317.0
34.99,60.0,74317.0,1.42,0,53.56925
35.0,60.0,72986.0,1.42,0,53.2465
72986.0,5000.0,0,35.0,1.42,72986.0
35.0,60.0,72986.0,1.42,0,53.2465
35.0,60.0,72095.0,1.42,0,53.02375
72095.0,5000.0,0,35.0,1.42,72095.0
35.0,60.0,72095.0,1.42,0,53.02375
35.0,60.0,70983.0,1.42,0,52.74575
70983.0,5000.0,0,35.0,1.42,70983.0
35.0,60.0,70983.0,1.42,0,52.74575
35.0,60.0,71316.0,1.42,0,52.829
71316.0,5000.0,0,35.0,1.42,71316.0
35.0,60.0,71316.0,1.42,0,52.829
35.0,60.0,70696.0,1.42,0,52.674
70696.0,5000.0,0,35.0,1.42,70696.0
35.0,60.0,70696.0,1.42,0,52.674
35.0,60.0,69732.0,1.42,0,52.433
69732.0,5000.0,0,35.0,1.42,69732.0
35.0,60.0,69732.0,1.42,0,52.433
35.0,60.0,68114.0,1.42,0,52.0285
68114.0,5000.0,0,35.0,1.42,68114.0
35.0,60.0,68114.0,1.42,0,52.0285
34.99,60.0,67442.0,1.42,0,51.8505
67442.0,5000.0,0,34.99,1.42,67442.0
34.99,60.0,67442.0,1.42,0,51.8505
34.99,60.0,66770.0,1.42,0,51.682500000000005
66770.0,5000.0,0,34.99,1.42,66770.0
34.99,60.0,66770.0,1.42,0,51.682500000000005
34.98,60.0,65625.0,1.42,0,51.38625
65625.0,5000.0,0,34.98,1.42,65625.0
34.98,60.0,65625.0,1.42,0,51.38625
34.98,60.0,63884.0,1.42,0,50.95099999999999
63884.0,5000.0,0,34.98,1.42,63884.0
34.98,60.0,63884.0,1.42,0,50.95099999999999
34.97,60.0,63376.0,1.42,0,50.814
63376.0,5000.0,0,34.97,1.42,63376.0
34.97,60.0,63376.0,1.42,0,50.814
34.97,60.0,62427.0,1.42,0,50.57675
62427.0,5000.0,0,34.97,1.42,62427.0
34.97,60.0,62427.0,1.42,0,50.57675
34.96,60.0,60462.0,1.42,0,50.075500000000005
60462.0,5000.0,0,34.96,1.42,60462.0
34.96,60.0,60462.0,1.42,0,50.075500000000005
34.95,60.0,60087.0,1.42,0,49.97175
60087.0,5000.0,0,34.95,1.42,60087.0
34.95,60.0,60087.0,1.42,0,49.97175
34.94,60.0,58841.0,1.42,0,49.65025
58841.0,5000.0,0,34.94,1.42,58841.0
34.94,60.0,58841.0,1.42,0,49.65025
34.93,60.0,57318.0,1.42,0,49.2595
57318.0,5000.0,0,34.93,1.42,57318.0
34.93,60.0,57318.0,1.42,0,49.2595
34.92,60.0,56044.0,1.42,0,48.931
56044.0,5000.0,0,34.92,1.42,56044.0
34.92,60.0,56044.0,1.42,0,48.931
34.9,60.0,55005.0,1.42,0,48.65125
55005.0,5000.0,0,34.9,1.42,55005.0
34.9,60.0,55005.0,1.42,0,48.65125
34.89,60.0,54990.0,1.42,0,48.6375
54990.0,5000.0,0,34.89,1.42,54990.0
34.89,60.0,54990.0,1.42,0,48.6375
34.88,60.0,52651.0,1.42,0,48.042750000000005
52651.0,5000.0,0,34.88,1.42,52651.0
34.88,60.0,52651.0,1.42,0,48.042750000000005
34.86,60.0,51974.0,1.42,0,47.8535
51974.0,5000.0,0,34.86,1.42,51974.0
34.86,60.0,51974.0,1.42,0,47.8535
34.85,60.0,51347.0,1.42,0,47.68675
51347.0,5000.0,0,34.85,1.42,51347.0
34.85,60.0,51347.0,1.42,0,47.68675
34.83,60.0,50990.0,1.42,0,47.5775
50990.0,5000.0,0,34.83,1.42,50990.0
34.83,60.0,50990.0,1.42,0,47.5775
34.81,60.0,48706.0,1.42,0,46.98650000000001
48706.0,5000.0,0,34.81,1.42,48706.0
34.81,60.0,48706.0,1.42,0,46.98650000000001
34.79,60.0,48138.0,1.42,0,46.8245
48138.0,5000.0,0,34.79,1.42,48138.0
34.79,60.0,48138.0,1.42,0,46.8245
34.78,60.0,46192.0,1.42,0,46.328
46192.0,5000.0,0,34.78,1.42,46192.0
34.78,60.0,46192.0,1.42,0,46.328
34.76,60.0,46286.0,1.42,0,46.3315
46286.0,5000.0,0,34.76,1.42,46286.0
34.76,60.0,46286.0,1.42,0,46.3315
34.73,60.0,44774.0,1.42,0,45.9235
44774.0,5000.0,0,34.73,1.42,44774.0
34.73,60.0,44774.0,1.42,0,45.9235
34.71,60.0,43460.0,1.42,0,45.575
43460.0,5000.0,0,34.71,1.42,43460.0
34.71,60.0,43460.0,1.42,0,45.575
34.69,60.0,41416.0,1.42,0,45.044
41416.0,5000.0,0,34.69,1.42,41416.0
34.69,60.0,41416.0,1.42,0,45.044
34.67,60.0,40557.0,1.42,0,44.809250000000006
40557.0,5000.0,0,34.67,1.42,40557.0
34.67,60.0,40557.0,1.42,0,44.809250000000006
34.64,60.0,39945.0,1.42,0,44.62625
39945.0,5000.0,0,34.64,1.42,39945.0
34.64,60.0,39945.0,1.42,0,44.62625
34.62,60.0,39080.0,1.42,0,44.39
39080.0,5000.0,0,34.62,1.42,39080.0
34.62,60.0,39080.0,1.42,0,44.39
34.59,60.0,36335.0,1.42,0,43.673750000000005
36335.0,5000.0,0,34.59,1.42,36335.0
34.59,60.0,36335.0,1.42,0,43.673750000000005
34.57,60.0,35592.0,1.42,0,43.468
35592.0,5000.0,0,34.57,1.42,35592.0
34.57,60.0,35592.0,1.42,0,43.468
34.54,60.0,34298.0,1.42,0,43.1145
34298.0,5000.0,0,34.54,1.42,34298.0
34.54,60.0,34298.0,1.42,0,43.1145
34.51,60.0,32398.0,1.42,0,42.6095
32398.0,5000.0,0,34.51,1.42,32398.0
34.51,60.0,32398.0,1.42,0,42.6095
34.48,60.0,31707.0,1.42,0,42.406749999999995
31707.0,5000.0,0,34.48,1.42,31707.0
34.48,60.0,31707.0,1.42,0,42.406749999999995
34.46,60.0,30406.0,1.42,0,42.0615
30406.0,5000.0,0,34.46,1.42,30406.0
34.46,60.0,30406.0,1.42,0,42.0615
34.42,60.0,30086.0,1.42,0,41.941500000000005
30086.0,5000.0,0,34.42,1.42,30086.0
34.42,60.0,30086.0,1.42,0,41.941500000000005
34.39,60.0,27827.0,1.42,0,41.34675
27827.0,5000.0,0,34.39,1.42,27827.0
34.39,60.0,27827.0,1.42,0,41.34675
34.36,60.0,26283.0,1.42,0,40.93075
26283.0,5000.0,0,34.36,1.42,26283.0
34.36,60.0,26283.0,1.42,0,40.93075
34.33,60.0,26564.0,1.42,0,40.971
26564.0,5000.0,0,34.33,1.42,26564.0
34.33,60.0,26564.0,1.42,0,40.971
34.3,60.0,25021.0,1.42,0,40.55525
25021.0,5000.0,0,34.3,1.42,25021.0
34.3,60.0,25021.0,1.42,0,40.55525
34.26,60.0,23620.0,1.42,0,40.165
23620.0,5000.0,0,34.26,1.42,23620.0
34.26,60.0,23620.0,1.42,0,40.165
34.23,60.0,21681.0,1.42,0,39.65025
21681.0,5000.0,0,34.23,1.42,21681.0
34.23,60.0,21681.0,1.42,0,39.65025
34.19,60.0,20988.0,1.42,0,39.437
20988.0,5000.0,0,34.19,1.42,20988.0
34.19,60.0,20988.0,1.42,0,39.437
34.16,60.0,18931.0,1.42,0,38.89275
18931.0,5000.0,0,34.16,1.42,18931.0
34.16,60.0,18931.0,1.42,0,38.89275
34.12,60.0,17270.0,1.42,0,38.4375
17270.0,5000.0,0,34.12,1.42,17270.0
34.12,60.0,17270.0,1.42,0,38.4375
34.08,60.0,17603.0,1.42,0,38.48075
17603.0,5000.0,0,34.08,1.42,17603.0
34.08,60.0,17603.0,1.42,0,38.48075
34.05,60.0,14910.0,1.42,0,37.777499999999996
14910.0,5000.0,0,34.05,1.42,14910.0
34.05,60.0,14910.0,1.42,0,37.777499999999996
34.01,60.0,14182.0,1.42,0,37.555499999999995
14182.0,5000.0,0,34.01,1.42,14182.0
34.01,60.0,14182.0,1.42,0,37.555499999999995
33.97,60.0,13188.0,1.42,0,37.266999999999996
13188.0,5000.0,0,33.97,1.42,13188.0
33.97,60.0,13188.0,1.42,0,37.266999999999996
33.93,60.0,11171.0,1.42,0,36.72275
11171.0,5000.0,0,33.93,1.42,11171.0
33.93,60.0,11171.0,1.42,0,36.72275
33.89,60.0,9695.0,1.42,0,36.31375
9695.0,5000.0,0,33.89,1.42,9695.0
33.89,60.0,9695.0,1.42,0,36.31375
31.36,60.0,87886.0,1.42,0,53.3315
87886.0,5000.0,0,31.36,1.42,87886.0
31.36,60.0,87886.0,1.42,0,53.3315
31.42,60.0,86941.0,1.42,0,53.15525
86941.0,5000.0,0,31.42,1.42,86941.0
31.42,60.0,86941.0,1.42,0,53.15525
31.48,60.0,88985.0,1.42,0,53.72625
88985.0,5000.0,0,31.48,1.42,88985.0
31.48,60.0,88985.0,1.42,0,53.72625
31.55,60.0,89755.0,1.42,0,53.988749999999996
89755.0,5000.0,0,31.55,1.42,89755.0
31.55,60.0,89755.0,1.42,0,53.988749999999996
31.61,60.0,90014.0,1.42,0,54.1135
90014.0,5000.0,0,31.61,1.42,90014.0
31.61,60.0,90014.0,1.42,0,54.1135
31.67,60.0,89312.0,1.42,0,53.998000000000005
89312.0,5000.0,0,31.67,1.42,89312.0
31.67,60.0,89312.0,1.42,0,53.998000000000005
31.73,60.0,91222.0,1.42,0,54.5355
91222.0,5000.0,0,31.73,1.42,91222.0
31.73,60.0,91222.0,1.42,0,54.5355
31.79,60.0,92036.0,1.42,0,54.799
92036.0,5000.0,0,31.79,1.42,92036.0
31.79,60.0,92036.0,1.42,0,54.799
31.85,60.0,91718.0,1.42,0,54.7795
91718.0,5000.0,0,31.85,1.42,91718.0
31.85,60.0,91718.0,1.42,0,54.7795
31.91,60.0,91478.0,1.42,0,54.7795
91478.0,5000.0,0,31.91,1.42,91478.0
31.91,60.0,91478.0,1.42,0,54.7795
31.97,60.0,92290.0,1.42,0,55.042500000000004
92290.0,5000.0,0,31.97,1.42,92290.0
31.97,60.0,92290.0,1.42,0,55.042500000000004
32.03,60.0,93779.0,1.42,0,55.47475
93779.0,5000.0,0,32.03,1.42,93779.0
32.03,60.0,93779.0,1.42,0,55.47475
32.09,60.0,94774.0,1.42,0,55.783500000000004
94774.0,5000.0,0,32.09,1.42,94774.0
32.09,60.0,94774.0,1.42,0,55.783500000000004
32.15,60.0,94889.0,1.42,0,55.872249999999994
94889.0,5000.0,0,32.15,1.42,94889.0
32.15,60.0,94889.0,1.42,0,55.872249999999994
32.21,60.0,94292.0,1.42,0,55.783
94292.0,5000.0,0,32.21,1.42,94292.0
32.21,60.0,94292.0,1.42,0,55.783
32.27,60.0,95146.0,1.42,0,56.0565
95146.0,5000.0,0,32.27,1.42,95146.0
32.27,60.0,95146.0,1.42,0,56.0565
32.33,60.0,96139.0,1.42,0,56.36475
96139.0,5000.0,0,32.33,1.42,96139.0
32.33,60.0,96139.0,1.42,0,56.36475
32.39,60.0,95420.0,1.42,0,56.245000000000005
95420.0,5000.0,0,32.39,1.42,95420.0
32.39,60.0,95420.0,1.42,0,56.245000000000005
32.44,60.0,96156.0,1.42,0,56.479
96156.0,5000.0,0,32.44,1.42,96156.0
32.44,60.0,96156.0,1.42,0,56.479
32.5,60.0,97393.0,1.42,0,56.84825
97393.0,5000.0,0,32.5,1.42,97393.0
32.5,60.0,97393.0,1.42,0,56.84825
32.56,60.0,96349.0,1.42,0,56.64725
96349.0,5000.0,0,32.56,1.42,96349.0
32.56,60.0,96349.0,1.42,0,56.64725
32.61,60.0,97623.0,1.42,0,57.01575
97623.0,5000.0,0,32.61,1.42,97623.0
32.61,60.0,97623.0,1.42,0,57.01575
32.67,60.0,98101.0,1.42,0,57.19525
98101.0,5000.0,0,32.67,1.42,98101.0
32.67,60.0,98101.0,1.42,0,57.19525
32.72,60.0,98250.0,1.42,0,57.2825
98250.0,5000.0,0,32.72,1.42,98250.0
32.72,60.0,98250.0,1.42,0,57.2825
32.78,60.0,98133.0,1.42,0,57.31325
98133.0,5000.0,0,32.78,1.42,98133.0
32.78,60.0,98133.0,1.42,0,57.31325
32.83,60.0,99020.0,1.42,0,57.584999999999994
99020.0,5000.0,0,32.83,1.42,99020.0
32.83,60.0,99020.0,1.42,0,57.584999999999994
32.89,60.0,98651.0,1.42,0,57.55275
98651.0,5000.0,0,32.89,1.42,98651.0
32.89,60.0,98651.0,1.42,0,57.55275
32.94,60.0,99061.0,1.42,0,57.70525
99061.0,5000.0,0,32.94,1.42,99061.0
32.94,60.0,99061.0,1.42,0,57.70525
32.99,60.0,98213.0,1.42,0,57.54325
98213.0,5000.0,0,32.99,1.42,98213.0
32.99,60.0,98213.0,1.42,0,57.54325
33.04,60.0,99178.0,1.42,0,57.8345
99178.0,5000.0,0,33.04,1.42,99178.0
33.04,60.0,99178.0,1.42,0,57.8345
33.1,60.0,99173.0,1.42,0,57.89325
99173.0,5000.0,0,33.1,1.42,99173.0
33.1,60.0,99173.0,1.42,0,57.89325
33.15,60.0,100373.0,1.42,0,58.24325
100373.0,5000.0,0,33.15,1.42,100373.0
33.15,60.0,100373.0,1.42,0,58.24325
33.2,60.0,98631.0,1.42,0,57.85775
98631.0,5000.0,0,33.2,1.42,98631.0
33.2,60.0,98631.0,1.42,0,57.85775
33.25,60.0,99729.0,1.42,0,58.182249999999996
99729.0,5000.0,0,33.25,1.42,99729.0
33.25,60.0,99729.0,1.42,0,58.182249999999996
33.3,60.0,100446.0,1.42,0,58.4115
100446.0,5000.0,0,33.3,1.42,100446.0
33.3,60.0,100446.0,1.42,0,58.4115
33.35,60.0,100020.0,1.42,0,58.355000000000004
100020.0,5000.0,0,33.35,1.42,100020.0
33.35,60.0,100020.0,1.42,0,58.355000000000004
33.39,60.0,100908.0,1.42,0,58.617000000000004
100908.0,5000.0,0,33.39,1.42,100908.0
33.39,60.0,100908.0,1.42,0,58.617000000000004
31.36,60.0,87908.0,1.42,0,53.337
87908.0,5000.0,0,31.36,1.42,87908.0
31.36,60.0,87908.0,1.42,0,53.337
31.42,60.0,87929.0,1.42,0,53.40225
87929.0,5000.0,0,31.42,1.42,87929.0
31.42,60.0,87929.0,1.42,0,53.40225
31.48,60.0,89000.0,1.42,0,53.730000000000004
89000.0,5000.0,0,31.48,1.42,89000.0
31.48,60.0,89000.0,1.42,0,53.730000000000004
31.55,60.0,88829.0,1.42,0,53.75725
88829.0,5000.0,0,31.55,1.42,88829.0
31.55,60.0,88829.0,1.42,0,53.75725
31.61,60.0,89160.0,1.42,0,53.9
89160.0,5000.0,0,31.61,1.42,89160.0
31.61,60.0,89160.0,1.42,0,53.9
31.67,60.0,90582.0,1.42,0,54.3155
90582.0,5000.0,0,31.67,1.42,90582.0
31.67,60.0,90582.0,1.42,0,54.3155
31.73,60.0,91015.0,1.42,0,54.48375
91015.0,5000.0,0,31.73,1.42,91015.0
31.73,60.0,91015.0,1.42,0,54.48375
31.79,60.0,91524.0,1.42,0,54.671
91524.0,5000.0,0,31.79,1.42,91524.0
31.79,60.0,91524.0,1.42,0,54.671
31.85,60.0,92055.0,1.42,0,54.86375
92055.0,5000.0,0,31.85,1.42,92055.0
31.85,60.0,92055.0,1.42,0,54.86375
31.91,60.0,92909.0,1.42,0,55.13725
92909.0,5000.0,0,31.91,1.42,92909.0
31.91,60.0,92909.0,1.42,0,55.13725
31.97,60.0,92785.0,1.42,0,55.16625
92785.0,5000.0,0,31.97,1.42,92785.0
31.97,60.0,92785.0,1.42,0,55.16625
32.03,60.0,92992.0,1.42,0,55.278000000000006
92992.0,5000.0,0,32.03,1.42,92992.0
32.03,60.0,92992.0,1.42,0,55.278000000000006
32.09,60.0,93743.0,1.42,0,55.52575
93743.0,5000.0,0,32.09,1.42,93743.0
32.09,60.0,93743.0,1.42,0,55.52575
32.15,60.0,94666.0,1.42,0,55.8165
94666.0,5000.0,0,32.15,1.42,94666.0
32.15,60.0,94666.0,1.42,0,55.8165
32.21,60.0,95451.0,1.42,0,56.07275
95451.0,5000.0,0,32.21,1.42,95451.0
32.21,60.0,95451.0,1.42,0,56.07275
32.27,60.0,94564.0,1.42,0,55.911
94564.0,5000.0,0,32.27,1.42,94564.0
32.27,60.0,94564.0,1.42,0,55.911
32.33,60.0,95859.0,1.42,0,56.29474999999999
95859.0,5000.0,0,32.33,1.42,95859.0
32.33,60.0,95859.0,1.42,0,56.29474999999999
32.39,60.0,96567.0,1.42,0,56.53175
96567.0,5000.0,0,32.39,1.42,96567.0
32.39,60.0,96567.0,1.42,0,56.53175
32.44,60.0,96725.0,1.42,0,56.621249999999996
96725.0,5000.0,0,32.44,1.42,96725.0
32.44,60.0,96725.0,1.42,0,56.621249999999996
32.5,60.0,97498.0,1.42,0,56.8745
97498.0,5000.0,0,32.5,1.42,97498.0
32.5,60.0,97498.0,1.42,0,56.8745
32.56,60.0,97158.0,1.42,0,56.849500000000006
97158.0,5000.0,0,32.56,1.42,97158.0
32.56,60.0,97158.0,1.42,0,56.849500000000006
32.61,60.0,97270.0,1.42,0,56.927499999999995
97270.0,5000.0,0,32.61,1.42,97270.0
32.61,60.0,97270.0,1.42,0,56.927499999999995
32.67,60.0,97955.0,1.42,0,57.15875
97955.0,5000.0,0,32.67,1.42,97955.0
32.67,60.0,97955.0,1.42,0,57.15875
32.72,60.0,96845.0,1.42,0,56.93125
96845.0,5000.0,0,32.72,1.42,96845.0
32.72,60.0,96845.0,1.42,0,56.93125
32.78,60.0,97163.0,1.42,0,57.070750000000004
97163.0,5000.0,0,32.78,1.42,97163.0
32.78,60.0,97163.0,1.42,0,57.070750000000004
32.83,60.0,98671.0,1.42,0,57.497749999999996
98671.0,5000.0,0,32.83,1.42,98671.0
32.83,60.0,98671.0,1.42,0,57.497749999999996
32.89,60.0,97868.0,1.42,0,57.357
97868.0,5000.0,0,32.89,1.42,97868.0
32.89,60.0,97868.0,1.42,0,57.357
32.94,60.0,99115.0,1.42,0,57.71875
99115.0,5000.0,0,32.94,1.42,99115.0
32.94,60.0,99115.0,1.42,0,57.71875
32.99,60.0,99814.0,1.42,0,57.9435
99814.0,5000.0,0,32.99,1.42,99814.0
32.99,60.0,99814.0,1.42,0,57.9435
33.04,60.0,99749.0,1.42,0,57.97725
99749.0,5000.0,0,33.04,1.42,99749.0
33.04,60.0,99749.0,1.42,0,57.97725
33.1,60.0,99586.0,1.42,0,57.9965
99586.0,5000.0,0,33.1,1.42,99586.0
33.1,60.0,99586.0,1.42,0,57.9965
33.15,60.0,99345.0,1.42,0,57.98625
99345.0,5000.0,0,33.15,1.42,99345.0
33.15,60.0,99345.0,1.42,0,57.98625
33.2,60.0,98826.0,1.42,0,57.9065
98826.0,5000.0,0,33.2,1.42,98826.0
33.2,60.0,98826.0,1.42,0,57.9065
33.25,60.0,100042.0,1.42,0,58.2605
100042.0,5000.0,0,33.25,1.42,100042.0
33.25,60.0,100042.0,1.42,0,58.2605
33.3,60.0,99019.0,1.42,0,58.05475
99019.0,5000.0,0,33.3,1.42,99019.0
33.3,60.0,99019.0,1.42,0,58.05475
33.35,60.0,100497.0,1.42,0,58.47425
100497.0,5000.0,0,33.35,1.42,100497.0
33.35,60.0,100497.0,1.42,0,58.47425
33.39,60.0,99196.0,1.42,0,58.189
99196.0,5000.0,0,33.39,1.42,99196.0
33.39,60.0,99196.0,1.42,0,58.189
33.44,60.0,99404.0,1.42,0,58.291
99404.0,5000.0,0,33.44,1.42,99404.0
33.44,60.0,99404.0,1.42,0,58.291
33.49,60.0,99696.0,1.42,0,58.414
99696.0,5000.0,0,33.49,1.42,99696.0
33.49,60.0,99696.0,1.42,0,58.414
33.54,60.0,99612.0,1.42,0,58.443
99612.0,5000.0,0,33.54,1.42,99612.0
33.54,60.0,99612.0,1.42,0,58.443
33.58,60.0,99805.0,1.42,0,58.53125
99805.0,5000.0,0,33.58,1.42,99805.0
33.58,60.0,99805.0,1.42,0,58.53125
33.63,60.0,99830.0,1.42,0,58.587500000000006
99830.0,5000.0,0,33.63,1.42,99830.0
33.63,60.0,99830.0,1.42,0,58.587500000000006
33.67,60.0,100181.0,1.42,0,58.71525
100181.0,5000.0,0,33.67,1.42,100181.0
33.67,60.0,100181.0,1.42,0,58.71525
33.72,60.0,99008.0,1.42,0,58.471999999999994
99008.0,5000.0,0,33.72,1.42,99008.0
33.72,60.0,99008.0,1.42,0,58.471999999999994
33.76,60.0,99503.0,1.42,0,58.63575
99503.0,5000.0,0,33.76,1.42,99503.0
33.76,60.0,99503.0,1.42,0,58.63575
33.8,60.0,100364.0,1.42,0,58.891
100364.0,5000.0,0,33.8,1.42,100364.0
33.8,60.0,100364.0,1.42,0,58.891
33.84,60.0,100398.0,1.42,0,58.9395
100398.0,5000.0,0,33.84,1.42,100398.0
33.84,60.0,100398.0,1.42,0,58.9395
33.89,60.0,99355.0,1.42,0,58.728750000000005
99355.0,5000.0,0,33.89,1.42,99355.0
33.89,60.0,99355.0,1.42,0,58.728750000000005
31.36,60.0,87969.0,1.42,0,53.35225
87969.0,5000.0,0,31.36,1.42,87969.0
31.36,60.0,87969.0,1.42,0,53.35225
31.42,60.0,87447.0,1.42,0,53.28175
87447.0,5000.0,0,31.42,1.42,87447.0
31.42,60.0,87447.0,1.42,0,53.28175
31.48,60.0,88114.0,1.42,0,53.5085
88114.0,5000.0,0,31.48,1.42,88114.0
31.48,60.0,88114.0,1.42,0,53.5085
31.55,60.0,88758.0,1.42,0,53.7395
88758.0,5000.0,0,31.55,1.42,88758.0
31.55,60.0,88758.0,1.42,0,53.7395
31.61,60.0,89971.0,1.42,0,54.10275
89971.0,5000.0,0,31.61,1.42,89971.0
31.61,60.0,89971.0,1.42,0,54.10275
31.67,60.0,89942.0,1.42,0,54.1555
89942.0,5000.0,0,31.67,1.42,89942.0
31.67,60.0,89942.0,1.42,0,54.1555
31.73,60.0,90292.0,1.42,0,54.303
90292.0,5000.0,0,31.73,1.42,90292.0
31.73,60.0,90292.0,1.42,0,54.303
31.79,60.0,90892.0,1.42,0,54.513
90892.0,5000.0,0,31.79,1.42,90892.0
31.79,60.0,90892.0,1.42,0,54.513
31.85,60.0,92194.0,1.42,0,54.8985
92194.0,5000.0,0,31.85,1.42,92194.0
31.85,60.0,92194.0,1.42,0,54.8985
31.91,60.0,92797.0,1.42,0,55.10925
92797.0,5000.0,0,31.91,1.42,92797.0
31.91,60.0,92797.0,1.42,0,55.10925
31.97,60.0,92996.0,1.42,0,55.218999999999994
92996.0,5000.0,0,31.97,1.42,92996.0
31.97,60.0,92996.0,1.42,0,55.218999999999994
32.03,60.0,92919.0,1.42,0,55.25975
92919.0,5000.0,0,32.03,1.42,92919.0
32.03,60.0,92919.0,1.42,0,55.25975
32.09,60.0,93616.0,1.42,0,55.494
93616.0,5000.0,0,32.09,1.42,93616.0
32.09,60.0,93616.0,1.42,0,55.494
32.15,60.0,94625.0,1.42,0,55.80625
94625.0,5000.0,0,32.15,1.42,94625.0
32.15,60.0,94625.0,1.42,0,55.80625
32.21,60.0,93736.0,1.42,0,55.644000000000005
93736.0,5000.0,0,32.21,1.42,93736.0
32.21,60.0,93736.0,1.42,0,55.644000000000005
32.27,95.0,95756.0,1.42,1,56.209
95756.0,5000.0,1,32.27,1.42,95756.00025
32.27,95.0,95756.0,1.42,1,56.209
32.33,95.0,94893.0,1.42,1,56.05325
94893.0,5000.0,1,32.33,1.42,94893.00025
32.33,95.0,94893.0,1.42,1,56.05325
32.39,94.0,95090.0,1.42,0,56.1625
95090.0,5000.0,0,32.39,1.42,95090.0
32.39,94.0,95090.0,1.42,0,56.1625
32.44,95.0,96338.0,1.42,1,56.524499999999996
96338.0,5000.0,1,32.44,1.42,96338.00025
32.44,95.0,96338.0,1.42,1,56.524499999999996
32.5,95.0,96394.0,1.42,1,56.5985
96394.0,5000.0,1,32.5,1.42,96394.00025
32.5,95.0,96394.0,1.42,1,56.5985
32.56,94.0,97621.0,1.42,0,56.96525
97621.0,5000.0,0,32.56,1.42,97621.0
32.56,94.0,97621.0,1.42,0,56.96525
32.61,93.0,97809.0,1.42,0,57.06225
97809.0,5000.0,0,32.61,1.42,97809.0
32.61,93.0,97809.0,1.42,0,57.06225
32.67,92.0,97323.0,1.42,0,57.00075
97323.0,5000.0,0,32.67,1.42,97323.0
32.67,92.0,97323.0,1.42,0,57.00075
32.72,91.0,96914.0,1.42,0,56.948499999999996
96914.0,5000.0,0,32.72,1.42,96914.0
32.72,91.0,96914.0,1.42,0,56.948499999999996
32.78,90.0,97911.0,1.42,0,57.25775
97911.0,5000.0,0,32.78,1.42,97911.0
32.78,90.0,97911.0,1.42,0,57.25775
32.83,89.0,98343.0,1.42,0,57.41575
98343.0,5000.0,0,32.83,1.42,98343.0
32.83,89.0,98343.0,1.42,0,57.41575
32.89,88.0,99356.0,1.42,0,57.729
99356.0,5000.0,0,32.89,1.42,99356.0
32.89,88.0,99356.0,1.42,0,57.729
32.94,87.0,99638.0,1.42,0,57.8495
99638.0,5000.0,0,32.94,1.42,99638.0
32.94,87.0,99638.0,1.42,0,57.8495
32.99,86.0,99600.0,1.42,0,57.89
99600.0,5000.0,0,32.99,1.42,99600.0
32.99,86.0,99600.0,1.42,0,57.89
